City,Country,Date,Time,Lat,Lon,Temp,Min,Max,Humidity,Cloudiness,Wind_speed
Gasa,BT,2019-10-10,00:16,27.91,89.73,30.65,30.65,30.65,93,88,6.88
Punta Arenas,CL,2019-10-09,15:16,-53.16,-70.91,48.61,46.4,50.0,53,75,51.67
Cape Town,ZA,2019-10-09,20:16,-33.93,18.42,55.4,53.01,57.99,62,20,12.75
Ilulissat,GL,2019-10-09,16:16,69.22,-51.1,32.0,32.0,32.0,62,20,4.7
Kapaa,US,2019-10-09,08:16,22.08,-159.32,75.67,73.0,78.8,88,1,5.82
Valverde del Camino,ES,2019-10-09,20:16,37.57,-6.75,81.88,73.99,84.99,52,0,5.99
Khatanga,RU,2019-10-10,01:16,71.98,102.47,14.45,14.45,14.45,94,83,8.15
Bluff,NZ,2019-10-10,07:16,-46.6,168.33,46.99,46.99,46.99,98,100,7.0
Richards Bay,ZA,2019-10-09,20:16,-28.77,32.06,70.97,70.97,70.97,90,67,19.71
Atuona,PF,2019-10-09,08:46,-9.8,-139.03,78.71,78.71,78.71,71,38,7.77
Elko,US,2019-10-09,11:16,40.83,-115.76,39.25,35.01,42.8,26,1,9.17
Ushuaia,AR,2019-10-09,15:16,-54.81,-68.31,45.82,44.6,46.4,52,75,6.93
Yellowknife,CA,2019-10-09,12:16,62.45,-114.38,32.34,30.2,34.0,74,20,8.05
Hasaki,JP,2019-10-10,03:16,35.73,140.83,55.0,51.8,57.2,87,0,8.05
Cooma,AU,2019-10-10,05:16,-36.24,149.13,32.0,32.0,32.0,97,90,1.04
New Norfolk,AU,2019-10-10,05:16,-42.78,147.06,46.02,45.0,48.2,81,90,4.7
Georgetown,SH,2019-10-09,18:16,-7.93,-14.42,72.59,72.59,72.59,77,100,19.64
Katsuura,JP,2019-10-10,03:16,33.93,134.5,57.2,57.2,57.2,82,20,9.17
Busselton,AU,2019-10-10,02:16,-33.64,115.35,53.02,52.0,54.0,68,8,2.17
Lavrentiya,RU,2019-10-10,06:16,65.58,-170.99,34.97,34.97,34.97,89,91,7.42
Geraldton,AU,2019-10-10,02:16,-28.77,114.6,66.2,66.2,66.2,88,75,5.82
Port Elizabeth,ZA,2019-10-09,20:16,-33.92,25.57,55.4,55.4,55.4,87,90,17.22
Buala,SB,2019-10-10,05:16,-8.15,159.59,77.99,77.99,77.99,83,89,3.84
Saldanha,ZA,2019-10-09,20:16,-33.01,17.94,57.2,57.2,57.2,50,0,16.11
Hobart,AU,2019-10-10,05:16,-42.88,147.33,46.02,45.0,48.2,81,90,4.7
Waitati,NZ,2019-10-10,07:16,-45.75,170.57,48.99,48.99,48.99,95,100,1.99
Lebu,CL,2019-10-09,15:16,-37.62,-73.65,68.45,68.45,68.45,46,92,7.84
Maragogi,BR,2019-10-09,15:16,-9.01,-35.22,77.99,77.99,77.99,77,40,16.38
Solnechnyy,RU,2019-10-10,04:16,50.72,136.64,37.67,37.67,37.67,83,21,3.78
Ponta do Sol,CV,2019-10-09,17:16,17.2,-25.09,86.0,86.0,86.0,58,20,27.51
Coihaique,CL,2019-10-09,15:16,-45.58,-72.07,54.23,51.8,57.2,57,40,9.17
Vardo,NO,2019-10-09,20:16,70.37,31.11,34.81,32.0,39.2,80,40,13.87
Surt,LY,2019-10-09,20:16,31.21,16.59,74.57,74.57,74.57,61,54,13.15
Saint-Augustin,CA,2019-10-09,14:16,45.63,-73.98,60.13,57.99,62.01,58,75,8.05
Teguise,ES,2019-10-09,19:16,29.06,-13.56,77.0,77.0,77.0,65,20,17.22
Muisne,EC,2019-10-09,13:16,0.61,-80.02,75.2,75.2,75.2,88,90,10.29
Butaritari,KI,2019-10-10,06:16,3.07,172.79,84.47,84.47,84.47,65,47,8.55
Kiunga,PG,2019-10-10,04:16,-6.12,141.3,73.31,73.31,73.31,96,100,2.69
Hilo,US,2019-10-09,08:16,19.71,-155.08,73.31,57.99,80.6,57,1,6.93
Sinnamary,GF,2019-10-09,15:16,5.38,-52.96,82.67,82.67,82.67,75,3,21.85
Mahanoro,MG,2019-10-09,21:16,-19.9,48.8,76.01,76.01,76.01,75,0,15.07
Albany,AU,2019-10-10,02:16,-35.02,117.88,57.2,57.2,57.2,100,90,4.7
Nikel,RU,2019-10-09,21:16,69.41,30.22,35.6,35.6,35.6,85,40,10.29
Isangel,VU,2019-10-10,05:16,-19.55,169.27,70.97,70.97,70.97,78,44,6.53
Souillac,MU,2019-10-09,22:16,-20.52,57.52,73.15,73.0,73.4,69,75,14.99
Dauphin,CA,2019-10-09,13:16,51.15,-100.04,33.8,33.8,33.8,95,90,12.75
Dano,BF,2019-10-09,18:16,11.14,-3.06,79.79,79.79,79.79,82,85,6.66
Thompson,CA,2019-10-09,13:16,55.74,-97.86,35.6,35.6,35.6,59,75,9.17
Bayan,KW,2019-10-09,21:16,29.3,48.05,93.74,93.2,95.0,28,0,5.82
Ambilobe,MG,2019-10-09,21:16,-13.19,49.05,78.17,78.17,78.17,57,59,15.2
Rikitea,PF,2019-10-09,09:16,-23.12,-134.97,68.81,68.81,68.81,67,95,6.09
Kaeo,NZ,2019-10-10,07:16,-35.1,173.78,60.49,60.01,61.0,100,100,15.44
Aykhal,RU,2019-10-10,03:16,65.95,111.51,19.4,19.4,19.4,79,90,11.18
Christchurch,NZ,2019-10-10,07:16,-43.53,172.64,57.63,55.99,59.0,51,100,5.82
Dikson,RU,2019-10-10,01:16,73.51,80.55,27.05,27.05,27.05,85,0,24.05
Bambous Virieux,MU,2019-10-09,22:16,-20.34,57.76,73.17,73.0,73.4,69,75,14.99
Bredasdorp,ZA,2019-10-09,20:16,-34.53,20.04,48.16,46.99,50.0,61,32,3.7
Nadym,RU,2019-10-09,23:16,65.53,72.51,39.65,39.65,39.65,89,100,21.72
Tuktoyaktuk,CA,2019-10-09,12:16,69.44,-133.03,32.0,32.0,32.0,67,90,4.7
Fairbanks,US,2019-10-09,10:16,64.84,-147.72,34.41,33.01,35.6,93,90,3.36
Sola,VU,2019-10-10,05:16,-13.88,167.55,79.79,79.79,79.79,82,99,18.56
Luderitz,NA,2019-10-09,20:16,-26.65,15.16,75.2,75.2,75.2,36,0,31.09
Hermanus,ZA,2019-10-09,20:16,-34.42,19.24,51.13,46.99,54.0,90,39,14.01
Rajampet,IN,2019-10-09,23:46,14.19,79.16,75.11,75.11,75.11,86,78,8.22
Pevek,RU,2019-10-10,06:16,69.7,170.27,29.57,29.57,29.57,82,100,13.94
Castro,CL,2019-10-09,15:16,-42.48,-73.76,55.4,55.4,55.4,82,90,12.75
Ancud,CL,2019-10-09,15:16,-41.87,-73.83,55.4,55.4,55.4,82,90,12.75
Malmesbury,ZA,2019-10-09,20:16,-33.46,18.72,55.53,53.01,57.99,62,20,12.75
Kenai,US,2019-10-09,10:16,60.55,-151.26,44.01,42.01,45.0,87,90,5.82
Kokopo,PG,2019-10-10,04:16,-4.34,152.27,82.13,82.13,82.13,77,0,9.74
Itarema,BR,2019-10-09,15:16,-2.92,-39.92,87.89,87.89,87.89,46,64,18.32
Gravdal,NO,2019-10-09,20:16,59.79,5.78,50.5,48.2,51.8,81,40,12.75
Iqaluit,CA,2019-10-09,14:16,63.75,-68.52,37.22,37.0,37.4,86,75,5.82
Hami,CN,2019-10-10,02:16,42.84,93.51,60.35,60.35,60.35,23,74,12.04
Black River,JM,2019-10-09,13:16,18.03,-77.85,93.2,93.2,93.2,67,20,14.99
Mount Gambier,AU,2019-10-10,04:46,-37.83,140.78,39.2,39.2,39.2,93,75,4.7
Mandalgovi,MN,2019-10-10,02:16,45.76,106.27,35.15,35.15,35.15,56,47,11.54
Puerto Ayora,EC,2019-10-09,12:16,-0.74,-90.35,70.63,66.99,75.2,60,20,20.8
Broome,AU,2019-10-10,02:16,-17.97,122.23,78.8,78.8,78.8,88,31,8.44
Iberia,PE,2019-10-09,13:16,-11.41,-69.49,93.11,93.11,93.11,34,42,4.38
Khash,IR,2019-10-09,21:46,28.22,61.21,74.57,74.57,74.57,14,0,9.17
Talnakh,RU,2019-10-10,01:16,69.49,88.39,19.4,19.4,19.4,73,8,8.95
Ust-Kulom,RU,2019-10-09,21:16,61.69,53.69,29.21,29.21,29.21,95,30,4.34
Zhigansk,RU,2019-10-10,03:16,66.77,123.37,17.69,17.69,17.69,84,1,24.96
Jamestown,SH,2019-10-09,18:16,-15.94,-5.72,66.29,66.29,66.29,78,98,22.38
Kushima,JP,2019-10-10,03:16,31.5,131.29,57.0,57.0,57.0,87,0,3.0
Mbumi,TZ,2019-10-09,21:16,-7.91,39.21,73.85,73.85,73.85,95,99,2.47
Yavatmal,IN,2019-10-09,23:46,20.39,78.13,75.11,75.11,75.11,81,2,2.97
Mirabad,AF,2019-10-09,22:46,30.44,61.84,76.73,76.73,76.73,17,0,11.98
Luzhou,CN,2019-10-10,02:16,28.89,105.45,64.49,64.49,64.49,90,100,4.51
Chuy,UY,2019-10-09,15:16,-33.69,-53.46,71.69,71.69,71.69,48,19,5.61
Pittsburg,US,2019-10-09,11:16,38.02,-121.89,65.32,59.0,75.0,32,1,4.57
Nome,US,2019-10-09,13:16,30.04,-94.42,85.35,82.99,87.8,48,40,6.93
Alofi,NU,2019-10-09,07:16,-19.06,-169.92,73.4,73.4,73.4,94,98,8.05
Brae,GB,2019-10-09,19:16,60.4,-1.35,51.8,51.8,51.8,87,40,18.34
Veliki Preslav,BG,2019-10-09,21:16,43.16,26.81,54.95,54.95,54.95,82,0,7.74
Karymskoye,RU,2019-10-10,03:16,51.62,114.34,23.27,23.27,23.27,48,61,9.45
Kimbe,PG,2019-10-10,04:16,-5.56,150.15,73.67,73.67,73.67,93,4,2.42
Dolores,UY,2019-10-09,15:16,-33.53,-58.22,82.0,82.0,82.0,43,54,8.01
Port Lincoln,AU,2019-10-10,04:46,-34.72,135.86,50.27,50.27,50.27,89,6,10.52
Bowen,AU,2019-10-10,04:16,-20.01,148.25,72.84,72.0,73.4,83,90,4.7
Khasan,RU,2019-10-10,04:16,42.43,130.64,46.13,46.13,46.13,72,0,2.13
Rio Gallegos,AR,2019-10-09,15:16,-51.62,-69.22,57.2,57.2,57.2,30,75,21.92
Maharajganj,IN,2019-10-09,23:46,26.11,84.5,77.09,77.09,77.09,74,26,5.81
Necochea,AR,2019-10-09,15:17,-38.55,-58.74,61.0,61.0,61.0,64,50,10.0
Chubbuck,US,2019-10-09,12:17,42.93,-112.47,36.43,36.0,37.4,44,75,31.09
Longyearbyen,SJ,2019-10-09,20:17,78.22,15.64,32.0,32.0,32.0,93,75,13.87
Nago,JP,2019-10-10,03:17,26.59,127.98,75.0,73.0,77.0,69,20,13.87
Mahebourg,MU,2019-10-09,22:17,-20.41,57.7,73.15,73.0,73.4,69,75,14.99
Kasama,ZM,2019-10-09,20:17,-10.21,31.19,80.51,80.51,80.51,26,97,4.45
Hithadhoo,MV,2019-10-09,23:17,-0.6,73.08,82.49,82.49,82.49,76,58,9.37
Plouzane,FR,2019-10-09,20:17,48.38,-4.62,56.97,55.99,57.2,87,61,12.75
Unai,BR,2019-10-09,15:17,-16.36,-46.91,90.77,90.77,90.77,31,74,5.42
Narsaq,GL,2019-10-09,16:17,60.91,-46.05,44.6,44.6,44.6,65,75,4.7
Straumen,NO,2019-10-09,20:17,63.87,11.3,42.85,39.99,45.0,85,32,19.46
Berlevag,NO,2019-10-09,20:17,70.86,29.09,37.36,33.8,39.2,80,75,10.29
Tabou,CI,2019-10-09,18:17,4.42,-7.36,75.83,75.83,75.83,88,98,5.65
Aguimes,ES,2019-10-09,19:17,27.91,-15.45,74.41,73.0,75.2,64,20,24.16
Tiksi,RU,2019-10-10,03:17,71.64,128.87,22.73,22.73,22.73,88,100,7.61
Nortelandia,BR,2019-10-09,14:17,-14.45,-56.8,94.91,94.91,94.91,34,35,5.45
Villa Rica,PE,2019-10-09,13:17,-10.74,-75.27,64.67,64.67,64.67,77,14,4.7
Nanortalik,GL,2019-10-09,16:17,60.14,-45.24,40.91,40.91,40.91,79,100,11.57
Ketchikan,US,2019-10-09,10:17,55.34,-131.65,43.72,42.8,44.6,75,1,5.82
Qaqortoq,GL,2019-10-09,16:17,60.72,-46.03,44.6,44.6,44.6,65,75,4.7
Tuatapere,NZ,2019-10-10,07:17,-46.13,167.69,46.99,46.99,46.99,98,100,7.0
Mirnyy,RU,2019-10-09,21:17,56.57,36.46,40.73,40.73,40.73,95,100,6.33
Namibe,AO,2019-10-09,19:17,-15.19,12.15,66.83,66.83,66.83,85,81,6.96
Murgab,TM,2019-10-09,23:17,37.5,61.97,68.0,68.0,68.0,52,0,6.89
Barrow,US,2019-10-09,13:17,39.51,-90.4,71.94,68.0,75.0,40,1,8.05
Avarua,CK,2019-10-09,08:17,-21.21,-159.78,68.0,68.0,68.0,82,100,10.29
Norman Wells,CA,2019-10-09,12:17,65.28,-126.83,33.8,33.8,33.8,59,90,5.82
Tasiilaq,GL,2019-10-09,16:17,65.61,-37.64,41.0,41.0,41.0,81,75,4.7
Baykit,RU,2019-10-10,01:17,61.68,96.39,21.65,21.65,21.65,72,0,3.39
Port Alfred,ZA,2019-10-09,20:17,-33.59,26.89,55.99,55.99,55.99,95,100,5.99
Castelnaudary,FR,2019-10-09,20:17,43.32,1.95,59.16,55.0,62.6,77,75,10.29
Mafeteng,LS,2019-10-09,20:17,-29.82,27.24,60.53,60.53,60.53,37,38,7.42
Acari,PE,2019-10-09,13:17,-15.44,-74.62,71.33,71.33,71.33,40,0,10.12
Buford,US,2019-10-09,13:17,32.46,-100.86,85.82,84.0,89.01,42,1,21.92
Estacion Coahuila,MX,2019-10-09,11:17,32.19,-115.0,87.4,86.0,88.0,27,1,3.36
Nikolskoye,RU,2019-10-09,21:17,59.7,30.79,39.18,36.0,41.0,93,75,4.47
Vaini,TO,2019-10-10,07:17,-21.2,-175.2,68.0,68.0,68.0,100,20,4.7
Hofn,IS,2019-10-09,18:17,64.25,-15.21,44.6,44.6,44.6,56,20,20.8
Kruisfontein,ZA,2019-10-09,20:17,-34.0,24.73,52.61,52.61,52.61,67,66,18.48
Vila Velha,BR,2019-10-09,15:17,-3.71,-38.6,81.64,80.01,84.2,54,18,13.87
Beitbridge,ZW,2019-10-09,20:17,-22.22,30.0,86.81,86.81,86.81,23,0,11.84
Rabak,SD,2019-10-09,20:17,13.18,32.74,87.89,87.89,87.89,45,63,7.66
Kavieng,PG,2019-10-10,04:17,-2.57,150.8,84.83,84.83,84.83,68,10,6.34
Baft,IR,2019-10-09,21:47,29.23,56.61,64.67,64.67,64.67,48,100,11.92
Lagoa,PT,2019-10-09,19:17,37.14,-8.45,74.73,64.99,82.0,56,0,3.36
Carnarvon,AU,2019-10-10,02:17,-24.87,113.63,69.8,69.8,69.8,94,0,18.34
Ola,RU,2019-10-10,05:17,59.58,151.3,36.59,36.59,36.59,80,100,22.56
Tondano,ID,2019-10-10,02:17,1.3,124.91,73.4,73.4,73.4,88,40,1.12
Herat,AF,2019-10-09,22:47,34.35,62.22,66.2,66.2,66.2,29,0,5.82
Sulangan,PH,2019-10-10,02:17,11.14,123.72,83.39,83.39,83.39,74,97,9.16
Najran,SA,2019-10-09,21:17,17.54,44.22,78.8,78.8,78.8,34,59,4.7
Changtu,CN,2019-10-10,02:17,42.78,124.11,54.95,54.95,54.95,62,0,18.1
Provideniya,RU,2019-10-10,06:17,64.42,-173.23,31.55,31.55,31.55,92,96,6.2
La Ronge,CA,2019-10-09,12:17,55.1,-105.3,32.0,32.0,32.0,45,75,14.99
Reconquista,AR,2019-10-09,15:17,-29.14,-59.64,85.91,85.91,85.91,38,17,7.38
Tarko-Sale,RU,2019-10-09,23:17,64.92,77.78,30.99,30.99,30.99,87,69,20.53
High Level,CA,2019-10-09,12:17,58.52,-117.13,32.0,32.0,32.0,40,20,3.36
Jacareacanga,BR,2019-10-09,15:17,-6.22,-57.76,93.2,93.2,93.2,52,71,4.7
Kogon,UZ,2019-10-09,23:17,39.73,64.54,65.43,64.4,66.2,34,23,6.93
Charyshskoye,RU,2019-10-10,01:17,51.4,83.56,45.05,45.05,45.05,88,0,2.39
Harper,LR,2019-10-09,18:17,4.38,-7.71,75.83,75.83,75.83,88,98,5.65
Padang,ID,2019-10-10,01:17,-0.92,100.36,67.55,67.55,67.55,98,47,0.97
Ocean City,US,2019-10-09,13:17,30.44,-86.61,87.64,84.0,90.0,55,1,11.41
Puerto Baquerizo Moreno,EC,2019-10-09,12:17,-0.9,-89.6,73.4,73.4,73.4,69,40,14.99
Kloulklubed,PW,2019-10-10,03:17,7.04,134.26,82.4,82.4,82.4,78,75,10.29
Ali-Berdukovskiy,RU,2019-10-09,21:17,44.0,41.74,46.49,46.49,46.49,96,96,2.38
Teahupoo,PF,2019-10-09,08:17,-17.83,-149.27,78.33,78.01,78.8,65,75,3.36
Saint-Philippe,RE,2019-10-09,22:17,-21.36,55.77,67.64,59.0,73.4,68,27,3.36
Pauini,BR,2019-10-09,14:17,-7.71,-67.0,90.59,90.59,90.59,55,57,1.68
Yunyang,CN,2019-10-10,02:17,32.84,110.81,57.83,57.83,57.83,85,100,2.35
Constitucion,MX,2019-10-09,13:17,23.99,-104.67,74.79,73.4,75.99,28,20,2.24
Curvelo,BR,2019-10-09,15:17,-18.76,-44.43,87.17,87.17,87.17,37,70,7.61
Qaanaaq,GL,2019-10-09,15:17,77.48,-69.36,20.21,20.21,20.21,82,100,12.88
Mountain Home,US,2019-10-09,12:17,43.13,-115.69,40.32,39.0,41.0,44,90,16.11
Kavaratti,IN,2019-10-09,23:47,10.57,72.64,83.57,83.57,83.57,71,98,5.65
Ialibu,PG,2019-10-10,04:17,-6.28,143.99,56.93,56.93,56.93,93,98,1.24
Srandakan,ID,2019-10-10,01:17,-7.94,110.25,71.15,71.15,71.15,96,61,3.56
Mar del Plata,AR,2019-10-09,15:17,-46.43,-67.52,62.33,62.33,62.33,29,0,19.16
Dingle,IE,2019-10-09,19:17,52.14,-10.27,51.8,51.8,51.8,81,40,8.05
Lorengau,PG,2019-10-10,04:17,-2.02,147.27,84.65,84.65,84.65,70,13,7.61
San Cristobal,EC,2019-10-09,13:17,-1.02,-79.44,85.73,85.73,85.73,53,82,3.48
Sabang,ID,2019-10-10,02:17,1.17,120.82,67.19,67.19,67.19,93,18,1.67
Dori,BF,2019-10-09,18:17,14.03,-0.03,94.19,94.19,94.19,33,24,7.75
Gigmoto,PH,2019-10-10,02:17,13.78,124.39,82.31,82.31,82.31,81,100,14.81
Gayeri,BF,2019-10-09,18:17,12.65,0.49,85.37,85.37,85.37,55,99,4.47
Arraial do Cabo,BR,2019-10-09,15:17,-22.97,-42.02,71.6,71.6,71.6,94,90,6.93
Metro,ID,2019-10-10,01:17,-5.11,105.31,73.31,73.31,73.31,94,23,5.53
Cockburn Town,TC,2019-10-09,14:17,21.46,-71.14,82.85,82.85,82.85,80,6,17.65
Severo-Kurilsk,RU,2019-10-10,05:17,50.68,156.12,42.35,42.35,42.35,96,89,6.3
Kuito,AO,2019-10-09,19:17,-12.38,16.94,65.57,65.57,65.57,77,87,5.97
Salalah,OM,2019-10-09,22:17,17.01,54.1,82.4,82.4,82.4,74,40,3.36
Porterville,US,2019-10-09,11:17,36.07,-119.02,72.5,66.2,79.0,40,1,6.93
Ust-Uda,RU,2019-10-10,02:17,54.17,103.03,25.97,25.97,25.97,74,0,7.45
Lithakia,GR,2019-10-09,21:17,37.72,20.83,68.83,64.4,71.6,77,3,5.82
Toora-Khem,RU,2019-10-10,01:17,52.47,96.11,26.87,26.87,26.87,84,13,3.54
Hamilton,BM,2019-10-09,15:17,32.3,-64.78,78.6,78.01,79.0,78,90,16.11
Vao,NC,2019-10-10,05:17,-22.67,167.48,71.15,71.15,71.15,84,3,12.21
Karratha,AU,2019-10-10,02:17,-20.74,116.85,78.17,78.17,78.17,67,16,6.67
Lompoc,US,2019-10-09,11:17,34.64,-120.46,58.39,51.8,64.99,76,90,5.82
Eloy,US,2019-10-09,11:17,32.76,-111.56,86.11,82.4,90.0,16,1,10.29
Torbay,CA,2019-10-09,15:47,47.66,-52.73,55.54,55.0,55.99,58,40,16.11
Faanui,PF,2019-10-09,08:17,-16.48,-151.75,75.47,75.47,75.47,81,99,21.38
Arlit,NE,2019-10-09,19:17,18.74,7.39,96.53,96.53,96.53,21,100,10.71
Jalu,LY,2019-10-09,20:17,29.03,21.55,92.03,92.03,92.03,14,100,11.49
Carauari,BR,2019-10-09,14:17,-4.88,-66.9,84.83,84.83,84.83,74,64,5.56
Sinop,TR,2019-10-09,21:17,42.03,35.15,61.43,61.43,61.43,87,26,18.97
Teknaf,BD,2019-10-10,00:17,20.86,92.31,73.49,73.49,73.49,94,80,1.95
Nenjiang,CN,2019-10-10,02:17,49.17,125.23,45.77,45.77,45.77,72,99,5.92
Victoria,SC,2019-10-09,22:17,-4.62,55.45,82.4,82.4,82.4,78,40,12.75
Erzin,RU,2019-10-10,01:17,50.26,95.16,33.35,33.35,33.35,67,1,8.99
Srednekolymsk,RU,2019-10-10,05:17,67.46,153.71,8.51,8.51,8.51,82,2,5.37
Kodiak,US,2019-10-09,13:17,39.95,-94.76,58.55,55.99,62.01,77,90,14.99
Novobelokatay,RU,2019-10-09,23:17,55.7,58.96,38.93,38.93,38.93,90,100,8.4
Zyryanka,RU,2019-10-10,05:17,65.73,150.89,16.97,16.97,16.97,73,90,4.61
Kigoma,TZ,2019-10-09,21:17,-4.88,29.64,80.6,80.6,80.6,54,20,6.01
Kargopol,RU,2019-10-09,21:17,61.51,38.95,35.33,35.33,35.33,99,100,7.94
Lubbock,US,2019-10-09,13:17,33.58,-101.86,77.94,77.0,80.01,53,1,14.99
Ciudad Real,ES,2019-10-09,20:17,38.99,-3.93,82.06,81.0,86.0,27,0,4.7
Dina,PK,2019-10-09,23:17,33.03,73.6,74.75,74.75,74.75,39,0,1.25
Cherskiy,RU,2019-10-10,05:17,68.75,161.3,11.03,11.03,11.03,86,0,9.05
Tocopilla,CL,2019-10-09,15:17,-22.09,-70.2,80.15,80.15,80.15,15,0,9.03
Atikokan,CA,2019-10-09,13:17,48.76,-91.62,63.41,63.41,63.41,57,100,12.25
San Patricio,MX,2019-10-09,13:17,19.22,-104.7,91.4,91.4,91.4,66,75,11.41
Klaksvik,FO,2019-10-09,19:17,62.23,-6.59,48.2,48.2,48.2,93,92,17.22
Mehamn,NO,2019-10-09,20:17,71.03,27.85,39.9,39.2,41.0,86,75,2.24
Caravelas,BR,2019-10-09,15:17,-17.73,-39.27,80.87,80.87,80.87,65,36,15.2
Chiang Rai,TH,2019-10-10,01:17,19.9,99.84,73.4,73.4,73.4,94,5,0.37
Ribeira Grande,PT,2019-10-09,18:17,38.52,-28.7,69.8,69.8,69.8,56,40,5.82
Rawson,AR,2019-10-09,15:17,-43.3,-65.11,54.95,54.95,54.95,56,15,4.02
East London,ZA,2019-10-09,20:17,-33.02,27.91,55.4,55.4,55.4,93,90,20.8
Zhanaozen,KZ,2019-10-09,23:17,43.35,52.85,56.57,56.57,56.57,49,81,21.21
Rach Gia,VN,2019-10-10,01:17,10.02,105.08,75.2,75.2,75.2,100,40,5.97
Iracoubo,GF,2019-10-09,15:17,5.48,-53.21,82.67,82.67,82.67,75,3,21.85
Carinhanha,BR,2019-10-09,15:17,-14.3,-43.77,92.75,92.75,92.75,28,56,4.4
Samarai,PG,2019-10-10,04:17,-10.62,150.67,73.49,73.49,73.49,95,98,3.07
Mareeba,AU,2019-10-10,04:17,-16.99,145.42,65.37,63.0,68.0,94,100,1.12
Ikalamavony,MG,2019-10-09,21:17,-21.17,46.6,70.79,70.79,70.79,63,21,9.14
Southbridge,NZ,2019-10-10,07:17,-43.81,172.25,57.42,55.99,59.0,51,100,5.82
Talakan,RU,2019-10-10,03:17,50.29,130.28,42.35,42.35,42.35,86,78,1.99
Deloraine,CA,2019-10-09,13:17,49.18,-100.5,35.01,35.01,35.01,74,100,13.0
Libertador General San Martin,AR,2019-10-09,15:17,-23.81,-64.79,87.89,87.89,87.89,24,0,8.58
Darya Khan,PK,2019-10-09,23:17,31.78,71.1,82.31,82.31,82.31,25,0,3.93
San Andres,CO,2019-10-09,13:17,8.22,-76.58,87.8,87.8,87.8,66,40,11.41
Cabedelo,BR,2019-10-09,15:17,-6.97,-34.84,84.2,84.2,84.2,58,75,17.22
Antalaha,MG,2019-10-09,21:17,-14.9,50.28,76.73,76.73,76.73,80,54,18.56
Biltine,TD,2019-10-09,19:17,14.53,20.93,88.61,88.61,88.61,35,80,5.02
Ahipara,NZ,2019-10-10,07:17,-35.17,173.16,61.0,61.0,61.0,100,100,13.17
Kaitangata,NZ,2019-10-10,07:17,-46.28,169.85,46.99,46.99,46.99,93,100,17.0
Rocha,UY,2019-10-09,15:17,-34.48,-54.34,73.31,73.31,73.31,52,0,10.84
Bayangol,RU,2019-10-10,02:17,50.7,103.47,25.43,25.43,25.43,93,100,2.47
Lokosovo,RU,2019-10-09,23:17,61.13,74.84,46.67,46.67,46.67,89,100,11.45
Aripuana,BR,2019-10-09,14:17,-9.17,-60.63,93.83,93.83,93.83,40,100,4.17
Champerico,GT,2019-10-09,12:17,14.3,-91.92,87.8,87.8,87.8,62,40,9.17
Gusau,NG,2019-10-09,19:17,12.17,6.66,78.71,78.71,78.71,72,93,4.75
Adrar,DZ,2019-10-09,19:17,27.87,-0.29,86.0,86.0,86.0,22,0,14.99
Grindavik,IS,2019-10-09,18:17,63.84,-22.43,47.34,46.4,48.2,70,75,16.11
Orapa,BW,2019-10-09,20:17,-21.28,25.37,82.31,82.31,82.31,11,0,5.54
Bethel,US,2019-10-09,10:17,60.79,-161.76,36.79,35.6,37.4,100,90,5.82
Waipawa,NZ,2019-10-10,07:17,-39.94,176.59,46.0,46.0,46.0,94,100,1.45
Leningradskiy,RU,2019-10-10,06:17,69.38,178.42,29.21,29.21,29.21,91,100,24.06
Santiago,PH,2019-10-10,02:17,16.69,121.54,70.07,70.07,70.07,96,30,1.49
Ferrol,ES,2019-10-09,20:17,43.48,-8.23,60.06,57.99,62.6,72,20,5.82
Flinders,AU,2019-10-10,05:17,-34.58,150.85,51.49,46.0,57.0,87,8,8.05
Aonla,IN,2019-10-09,23:47,28.27,79.16,74.75,74.75,74.75,70,0,2.87
Celestun,MX,2019-10-09,13:17,20.87,-90.4,81.23,81.23,81.23,78,86,3.86
Jacmel,HT,2019-10-09,14:17,18.24,-72.54,93.2,93.2,93.2,32,20,13.87
Coquimbo,CL,2019-10-09,15:17,-29.95,-71.34,59.0,59.0,59.0,72,75,14.99
Gulu,UG,2019-10-09,21:17,2.77,32.3,68.63,68.63,68.63,93,99,3.38
Ruthin,GB,2019-10-09,19:17,53.11,-3.31,51.26,46.99,55.4,71,40,11.41
Monkey Bay,MW,2019-10-09,20:17,-14.08,34.91,79.61,79.61,79.61,71,24,1.54
Northam,AU,2019-10-10,02:17,-31.65,116.67,57.2,57.2,57.2,93,90,4.7
Pisco,PE,2019-10-09,13:17,-13.71,-76.2,67.24,64.0,71.6,30,9,10.29
Chapais,CA,2019-10-09,14:17,49.78,-74.86,59.0,59.0,59.0,47,1,11.41
Rognan,NO,2019-10-09,20:17,67.1,15.4,37.29,36.0,37.99,59,0,13.87
Amlagora,IN,2019-10-09,23:48,22.83,87.35,74.21,74.21,74.21,92,59,4.72
Genhe,CN,2019-10-10,02:18,50.78,121.52,26.51,26.51,26.51,87,75,2.06
Pochutla,MX,2019-10-09,13:18,15.74,-96.47,84.83,82.4,88.0,74,75,9.17
Marawi,SD,2019-10-09,20:18,18.48,31.82,99.23,99.23,99.23,14,70,11.53
Esperance,AU,2019-10-10,02:18,-33.86,121.89,62.6,62.6,62.6,59,100,14.99
Houma,US,2019-10-09,13:18,29.6,-90.72,86.38,82.99,90.0,55,1,8.05
Saint George,BM,2019-10-09,15:18,32.38,-64.68,78.58,78.01,79.0,78,90,16.11
Nador,MA,2019-10-09,19:18,35.17,-2.93,73.4,73.4,73.4,78,20,5.82
Tura,RU,2019-10-10,01:18,64.27,100.22,12.47,12.47,12.47,89,56,6.0
Ous,RU,2019-10-09,23:18,60.91,61.52,40.37,40.37,40.37,95,100,5.78
Bathsheba,BB,2019-10-09,14:18,13.22,-59.52,87.8,87.8,87.8,74,40,14.99
Dunedin,NZ,2019-10-10,07:18,-45.87,170.5,48.99,48.99,48.99,95,100,1.99
Ostrovnoy,RU,2019-10-09,21:18,68.05,39.51,32.45,32.45,32.45,90,99,10.5
Hollins,US,2019-10-09,14:18,37.35,-79.95,69.48,64.0,73.0,46,20,4.7
Bria,CF,2019-10-09,19:18,6.54,21.99,70.61,70.61,70.61,94,100,2.97
Lexington,US,2019-10-09,14:18,38.05,-84.5,64.18,60.8,68.0,82,90,6.93
Sabha,LY,2019-10-09,20:18,27.03,14.43,74.03,74.03,74.03,34,50,5.79
Angoche,MZ,2019-10-09,20:18,-16.23,39.91,77.81,77.81,77.81,75,10,9.54
Kupang,ID,2019-10-10,02:18,-10.16,123.6,76.73,76.73,76.73,76,94,9.31
Maceio,BR,2019-10-09,15:18,-9.67,-35.74,82.4,82.4,82.4,58,40,17.22
Saskylakh,RU,2019-10-10,03:18,71.97,114.09,16.97,16.97,16.97,94,98,13.68
Siverek,TR,2019-10-09,21:18,37.75,39.32,75.2,75.2,75.2,31,15,6.93
Santa Isabel do Rio Negro,BR,2019-10-09,14:18,-0.41,-65.02,81.95,81.95,81.95,87,100,1.98
Cidreira,BR,2019-10-09,15:18,-30.17,-50.22,67.55,67.55,67.55,84,0,9.65
Portland,AU,2019-10-10,05:18,-33.35,149.98,41.02,39.99,42.01,95,46,3.58
North Bend,US,2019-10-09,11:18,43.41,-124.22,50.59,48.0,53.6,71,1,3.36
Matamoros,MX,2019-10-09,13:18,25.53,-103.23,85.46,84.99,86.0,30,5,4.7
Bratsk,RU,2019-10-10,02:18,56.15,101.63,24.24,24.01,24.8,68,75,6.71
Clyde River,CA,2019-10-09,14:18,70.47,-68.59,32.0,32.0,32.0,81,5,11.41
Mackay,AU,2019-10-10,04:18,-21.15,149.2,68.76,66.99,71.01,88,40,5.82
Vilhena,BR,2019-10-09,14:18,-12.74,-60.15,87.8,87.8,87.8,52,40,5.82
Jiuquan,CN,2019-10-10,02:18,39.73,98.49,48.29,48.29,48.29,47,77,4.79
Upata,VE,2019-10-09,14:18,8.02,-62.41,82.31,82.31,82.31,82,97,4.47
Omihachiman,JP,2019-10-10,03:18,35.15,136.07,57.45,54.0,60.01,85,34,3.5
Diamantino,BR,2019-10-09,14:18,-14.4,-56.44,92.39,92.39,92.39,36,52,7.47
Plettenberg Bay,ZA,2019-10-09,20:18,-34.05,23.37,55.31,55.31,55.31,72,98,10.73
Manhattan,US,2019-10-09,13:18,39.18,-96.57,62.58,61.0,64.99,84,88,7.0
Nieuw Amsterdam,SR,2019-10-09,15:18,5.88,-55.08,93.74,93.0,95.0,44,40,4.7
Antofagasta,CL,2019-10-09,15:18,-23.65,-70.4,62.6,62.6,62.6,63,40,12.75
Douglas,US,2019-10-09,14:18,31.51,-82.85,76.69,71.6,80.6,61,40,8.05
Salvacion,PH,2019-10-10,02:18,13.85,121.93,77.0,77.0,77.0,90,73,15.27
Esmeraldas,EC,2019-10-09,13:18,-1.87,-79.8,83.01,82.0,84.2,58,40,8.05
Leh,IN,2019-10-09,23:48,34.16,77.58,32.27,32.27,32.27,45,44,6.15
Sao Filipe,CV,2019-10-09,17:18,14.9,-24.5,77.81,77.81,77.81,77,0,11.7
Wuwei,CN,2019-10-10,02:18,37.93,102.64,53.01,53.01,53.01,59,72,8.25
Puerto Colombia,CO,2019-10-09,13:18,10.99,-74.96,87.8,87.8,87.8,66,40,8.05
Krasnyy Chikoy,RU,2019-10-10,03:18,50.36,108.75,22.01,22.01,22.01,88,47,5.02
Atagay,RU,2019-10-10,02:18,55.1,99.39,24.53,24.53,24.53,88,73,3.13
Manono,CD,2019-10-09,20:18,-7.3,27.4,78.35,78.35,78.35,59,100,3.64
Baker City,US,2019-10-09,11:18,44.77,-117.83,36.0,30.0,42.01,59,75,20.8
Pecos,US,2019-10-09,13:18,31.42,-103.49,86.67,82.4,91.4,26,1,17.22
Sechura,PE,2019-10-09,13:18,-5.56,-80.82,60.17,60.17,60.17,94,27,18.45
Domna,RU,2019-10-10,03:18,51.9,113.16,21.2,21.2,21.2,73,27,8.95
Atascadero,US,2019-10-09,11:18,35.49,-120.67,61.65,53.01,71.01,59,1,3.36
Pangoa,PE,2019-10-09,13:18,-12.12,-73.0,88.97,88.97,88.97,44,18,3.64
Awjilah,LY,2019-10-09,20:18,29.14,21.3,92.03,92.03,92.03,14,100,11.49
Economy,US,2019-10-09,14:18,39.98,-85.09,70.72,68.0,73.4,46,1,8.05
Altay,CN,2019-10-10,02:18,47.83,88.13,40.37,40.37,40.37,31,0,2.55
Taunggyi,MM,2019-10-10,00:48,20.78,97.03,63.77,63.77,63.77,93,0,2.15
Veraval,IN,2019-10-09,23:48,20.9,70.37,79.79,79.79,79.79,62,29,4.97
Blagoveshchensk,RU,2019-10-10,03:18,50.29,127.53,37.4,37.4,37.4,86,40,8.95
Belmonte,BR,2019-10-09,15:18,-26.84,-53.58,83.93,83.93,83.93,46,0,4.3
Loikaw,MM,2019-10-10,00:48,19.67,97.21,62.33,62.33,62.33,93,17,2.11
Guerrero Negro,MX,2019-10-09,12:18,27.97,-114.04,75.83,75.83,75.83,47,0,11.7
Bakersfield,US,2019-10-09,11:18,35.37,-119.02,71.98,62.01,81.0,29,1,13.87
San Joaquin,BO,2019-10-09,14:18,-16.38,-58.39,99.41,99.41,99.41,25,79,5.0
Severo-Yeniseyskiy,RU,2019-10-10,01:18,60.37,93.04,22.19,22.19,22.19,69,0,1.86
Kendari,ID,2019-10-10,02:18,-3.99,122.52,71.51,71.51,71.51,96,93,1.05
Belaya Gora,RU,2019-10-10,05:18,68.54,146.19,8.51,8.51,8.51,91,1,4.89
Kunzelsau,DE,2019-10-09,20:18,49.28,9.69,50.95,46.99,54.0,93,90,11.41
Carutapera,BR,2019-10-09,15:18,-1.2,-46.02,81.05,81.05,81.05,77,75,19.6
Muroto,JP,2019-10-10,03:18,33.37,134.14,62.15,62.15,62.15,78,7,6.75
Upernavik,GL,2019-10-09,16:18,72.79,-56.15,27.41,27.41,27.41,48,0,5.27
Tefe,BR,2019-10-09,14:18,-3.35,-64.71,84.2,84.2,84.2,79,75,10.29
Boden,SE,2019-10-09,20:18,65.83,21.69,37.4,37.4,37.4,74,75,10.29
Moravsky Krumlov,CZ,2019-10-09,20:18,49.05,16.31,51.17,46.99,54.0,93,90,1.12
Batagay,RU,2019-10-10,04:18,67.65,134.64,7.43,7.43,7.43,88,68,5.4
Nyamuswa,TZ,2019-10-09,21:18,-1.9,34.02,77.0,77.0,77.0,69,75,2.66
Sergeyevka,KZ,2019-10-10,00:18,53.88,67.42,54.95,54.95,54.95,52,100,9.06
Matucana,PE,2019-10-09,13:18,-11.84,-76.39,66.65,66.65,66.65,29,0,10.86
Kamarion,GR,2019-10-09,21:18,36.8,25.82,66.42,64.99,68.0,68,0,5.82
Jackson,US,2019-10-09,13:18,35.61,-88.82,76.33,75.0,79.0,57,1,8.05
Umba,RU,2019-10-09,21:18,66.69,34.34,34.97,34.97,34.97,94,100,7.19
Tessalit,ML,2019-10-09,18:18,20.2,1.01,94.19,94.19,94.19,19,71,7.22
Palmer,US,2019-10-09,10:18,61.6,-149.11,43.81,37.99,48.0,86,90,10.29
Siuna,NI,2019-10-09,12:18,13.73,-84.78,86.63,86.63,86.63,64,38,3.42
Do Gonbadan,IR,2019-10-09,21:48,30.36,50.8,80.6,80.6,80.6,21,0,2.86
Puerto Suarez,BO,2019-10-09,14:18,-18.96,-57.8,94.08,93.2,95.0,44,20,4.7
Valuyki,RU,2019-10-09,21:18,50.21,38.1,49.01,49.01,49.01,49,100,13.85
Lima,PE,2019-10-09,13:18,-12.06,-77.04,64.4,64.4,64.4,77,90,6.93
Santa Cruz de Tenerife,ES,2019-10-09,19:18,28.47,-16.25,72.12,66.2,75.99,72,40,16.11
Paka,MY,2019-10-10,02:18,4.64,103.44,78.19,78.01,78.8,94,57,1.72
Maniitsoq,GL,2019-10-09,16:18,65.42,-52.9,37.31,37.31,37.31,47,33,1.79
Fortuna,US,2019-10-09,11:18,40.6,-124.16,54.39,53.01,55.4,47,1,8.05
Escanaba,US,2019-10-09,14:18,45.75,-87.06,65.01,60.01,69.01,68,1,10.29
Luancheng,CN,2019-10-10,02:18,37.88,114.65,57.2,57.2,57.2,87,92,2.24
Havelock,US,2019-10-09,14:18,34.88,-76.9,70.0,68.0,71.6,73,90,9.17
Concepcion del Oro,MX,2019-10-09,13:18,24.63,-101.42,68.81,68.81,68.81,43,0,3.47
Katastarion,GR,2019-10-09,21:18,37.83,20.77,69.35,64.4,71.6,77,0,5.82
Porto Novo,CV,2019-10-09,17:18,17.02,-25.06,86.0,86.0,86.0,58,20,27.51
Mapiripan,CO,2019-10-09,13:18,2.89,-72.13,85.91,85.91,85.91,69,82,6.29
Fuyu,CN,2019-10-10,02:18,47.79,124.46,49.19,49.19,49.19,54,69,15.09
Labuhan,ID,2019-10-10,02:18,-2.54,115.51,73.49,73.49,73.49,77,92,2.0
Ahuimanu,US,2019-10-09,08:18,21.44,-157.84,80.56,78.8,82.4,78,20,4.62
Ntchisi,MW,2019-10-09,20:18,-13.36,33.92,71.69,71.69,71.69,53,2,2.72
Baie-Comeau,CA,2019-10-09,14:18,49.22,-68.15,51.49,50.0,53.01,62,1,14.99
Dong Hoi,VN,2019-10-10,01:18,17.48,106.6,75.65,75.65,75.65,91,73,1.66
San-Pedro,CI,2019-10-09,18:18,4.75,-6.64,77.09,77.09,77.09,89,100,14.87
Vestmanna,FO,2019-10-09,19:18,62.16,-7.17,48.2,48.2,48.2,93,99,17.22
Kahului,US,2019-10-09,08:18,20.89,-156.47,77.22,73.4,80.6,61,20,4.7
Itupiranga,BR,2019-10-09,15:18,-5.13,-49.33,93.2,93.2,93.2,49,40,6.93
Sao Felix do Xingu,BR,2019-10-09,15:18,-6.64,-51.99,92.39,92.39,92.39,42,62,4.07
Guilin,CN,2019-10-10,02:18,25.28,110.29,71.6,71.6,71.6,94,40,2.24
Port Augusta,AU,2019-10-10,04:48,-32.49,137.76,48.09,48.0,48.2,87,12,3.36
Clearwater,US,2019-10-09,14:18,27.97,-82.8,80.06,75.99,84.2,78,1,6.93
Tierralta,CO,2019-10-09,13:18,8.17,-76.06,78.89,78.89,78.89,89,75,4.0
Chimbote,PE,2019-10-09,13:18,-9.08,-78.59,71.15,71.15,71.15,54,87,12.13
Cabo San Lucas,MX,2019-10-09,12:18,22.89,-109.91,88.7,82.0,93.99,66,5,4.7
Aklavik,CA,2019-10-09,12:18,68.22,-135.01,30.88,30.2,32.0,68,75,3.36
Los Llanos de Aridane,ES,2019-10-09,19:18,28.66,-17.92,71.26,68.0,75.2,64,75,10.29
Taksimo,RU,2019-10-10,02:18,56.36,114.84,15.71,15.71,15.71,59,100,5.05
Cap Malheureux,MU,2019-10-09,22:18,-19.98,57.61,73.2,73.0,73.4,69,75,14.99
El Dorado,US,2019-10-09,13:18,37.82,-96.86,64.81,60.8,69.01,72,75,19.46
Krasnokamensk,RU,2019-10-10,03:18,50.1,118.04,30.65,30.65,30.65,60,77,18.32
Pattaya,TH,2019-10-10,01:18,12.93,100.9,81.23,78.8,82.99,83,20,4.7
Natal,BR,2019-10-09,15:18,-5.81,-35.21,85.32,84.2,86.0,54,20,16.11
Bilibino,RU,2019-10-10,06:18,68.06,166.44,2.57,2.57,2.57,96,65,2.39
Port-Gentil,GA,2019-10-09,19:18,-0.72,8.78,77.0,77.0,77.0,94,40,8.05
Blackfoot,US,2019-10-09,12:18,43.19,-112.35,35.38,30.99,37.4,44,75,31.09
Peleduy,RU,2019-10-10,03:18,59.63,112.75,12.65,12.65,12.65,96,56,1.75
Am Timan,TD,2019-10-09,19:18,11.04,20.28,72.59,72.59,72.59,89,80,3.71
Yar-Sale,RU,2019-10-09,23:18,66.83,70.83,39.83,39.83,39.83,93,100,16.59
Kenora,CA,2019-10-09,13:18,49.76,-94.48,55.92,55.4,57.0,71,100,8.05
Codo,BR,2019-10-09,15:18,-4.46,-43.89,100.67,100.67,100.67,23,11,4.83
Levelland,US,2019-10-09,13:18,33.59,-102.38,78.17,77.0,80.01,57,20,14.99
Sisimiut,GL,2019-10-09,16:18,66.94,-53.67,33.17,33.17,33.17,45,26,2.47
Kitimat,CA,2019-10-09,11:18,54.02,-128.69,34.48,30.2,39.0,100,5,2.56
Santa Cruz,CR,2019-10-09,12:18,10.26,-85.58,84.2,84.2,84.2,74,40,10.29
Oranjemund,NA,2019-10-09,20:18,-28.55,16.43,56.03,56.03,56.03,70,0,27.1
Svetlogorsk,RU,2019-10-09,23:18,53.14,59.15,41.0,41.0,41.0,100,90,6.71
Sibu,MY,2019-10-10,02:18,2.29,111.83,77.0,77.0,77.0,94,75,1.12
Kizema,RU,2019-10-09,21:18,61.11,44.83,31.73,31.73,31.73,93,88,6.64
Haines Junction,CA,2019-10-09,11:18,60.75,-137.51,28.31,28.31,28.31,92,100,8.16
Resavica,RS,2019-10-09,20:18,44.04,21.58,58.73,58.73,58.73,63,1,6.98
Grand Gaube,MU,2019-10-09,22:18,-20.01,57.66,73.2,73.0,73.4,69,75,14.99
Mehran,IR,2019-10-09,21:48,33.12,46.17,71.6,71.6,71.6,35,20,2.24
Quatre Cocos,MU,2019-10-09,22:18,-20.21,57.76,73.17,73.0,73.4,69,75,14.99
Dicabisagan,PH,2019-10-10,02:18,17.08,122.42,76.37,76.37,76.37,87,40,8.52
Langsa,ID,2019-10-10,01:18,4.47,97.97,74.21,74.21,74.21,90,100,3.05
Yerbogachen,RU,2019-10-10,02:18,61.28,108.01,12.11,12.11,12.11,95,4,4.37
Businga,CD,2019-10-09,19:18,3.34,20.89,70.61,70.61,70.61,84,20,1.86
Malartic,CA,2019-10-09,14:18,48.14,-78.13,61.54,60.8,62.6,48,5,8.05
Husavik,IS,2019-10-09,18:18,66.04,-17.34,41.0,41.0,41.0,80,75,2.24
Kirakira,SB,2019-10-10,05:18,-10.46,161.92,75.11,75.11,75.11,84,95,5.46
Taltal,CL,2019-10-09,15:18,-25.41,-70.49,58.91,58.91,58.91,71,38,5.96
Quakenbruck,DE,2019-10-09,20:18,52.68,7.95,49.71,46.99,52.0,81,40,6.93
Salinopolis,BR,2019-10-09,15:18,-0.61,-47.36,81.41,81.41,81.41,75,57,19.68
Shubarshi,KZ,2019-10-09,23:18,48.59,57.19,50.45,50.45,50.45,73,100,15.6
Trairi,BR,2019-10-09,15:18,-3.28,-39.27,91.13,91.13,91.13,35,69,14.54
Henties Bay,NA,2019-10-09,20:18,-22.12,14.28,63.0,63.0,63.0,87,0,5.99
Saint-Pierre,PM,2019-10-09,16:18,46.77,-56.17,54.27,53.01,55.4,62,0,17.22
Sorland,NO,2019-10-09,20:18,67.67,12.69,38.48,32.0,42.8,55,11,8.05
Oudtshoorn,ZA,2019-10-09,20:18,-33.59,22.2,51.8,51.8,51.8,71,75,3.36
Te Anau,NZ,2019-10-10,07:18,-45.41,167.72,45.95,45.95,45.95,97,100,4.87
Mwinilunga,ZM,2019-10-09,20:18,-11.73,24.43,62.87,62.87,62.87,87,95,8.25
Jahangirpur,IN,2019-10-09,23:48,28.18,77.72,87.01,87.01,87.01,5,3,0.98
Pakxan,LA,2019-10-10,01:18,18.39,103.66,73.67,73.67,73.67,82,62,0.8
Umm Lajj,SA,2019-10-09,21:18,25.02,37.27,87.53,87.53,87.53,32,19,11.41
Ulma,RO,2019-10-09,21:18,47.89,25.29,52.05,39.99,60.8,55,99,4.47
Baracoa,CU,2019-10-09,14:18,20.35,-74.5,83.57,83.57,83.57,78,5,8.02
Khandbari,NP,2019-10-10,00:03,27.38,87.21,48.47,48.47,48.47,87,54,2.45
Rio de Janeiro,BR,2019-10-09,15:18,-22.91,-43.21,71.92,71.6,73.4,94,90,5.82
Weligama,LK,2019-10-09,23:48,5.97,80.42,76.55,76.55,76.55,94,100,4.38
Zlitan,LY,2019-10-09,20:18,32.47,14.57,76.55,76.55,76.55,58,46,14.69
Siavonga,ZM,2019-10-09,20:18,-16.54,28.71,88.79,88.79,88.79,33,35,6.68
Parrita,CR,2019-10-09,12:18,9.52,-84.33,72.93,69.8,77.0,94,75,3.36
Mecca,SA,2019-10-09,21:18,21.43,39.83,87.71,87.71,87.71,51,49,6.82
Kedougou,SN,2019-10-09,18:18,12.56,-12.19,89.6,89.6,89.6,59,75,4.79
Coahuayana,MX,2019-10-09,13:18,18.62,-100.35,83.03,83.03,83.03,69,100,2.63
Kysyl-Syr,RU,2019-10-10,03:18,63.9,122.77,18.95,18.95,18.95,80,100,11.61
Bondo,CD,2019-10-09,20:18,3.81,23.69,68.63,68.63,68.63,97,93,1.66
Vostok,RU,2019-10-10,04:18,46.45,135.83,38.75,38.75,38.75,80,24,6.23
Port Hawkesbury,CA,2019-10-09,15:18,45.62,-61.36,57.7,55.0,61.0,54,1,11.41
Hovd,MN,2019-10-10,01:18,48.01,91.64,40.73,40.73,40.73,36,0,0.36
Bandarbeyla,SO,2019-10-09,21:18,9.49,50.81,79.25,79.25,79.25,90,65,10.51
Vila Franca do Campo,PT,2019-10-09,18:18,37.72,-25.43,70.27,69.8,71.01,56,75,11.41
Marsh Harbour,BS,2019-10-09,14:19,26.54,-77.06,85.01,85.01,85.01,69,76,18.38
Sirajganj,BD,2019-10-10,00:19,24.46,89.71,76.01,76.01,76.01,85,95,3.02
Itacoatiara,BR,2019-10-09,14:19,-3.14,-58.44,94.91,94.91,94.91,41,92,5.4
Man,CI,2019-10-09,18:19,7.41,-7.55,72.95,72.95,72.95,95,70,1.44
Izhma,RU,2019-10-09,21:19,65.01,53.91,31.55,31.55,31.55,87,91,4.89
Sembe,CG,2019-10-09,19:19,1.65,14.58,67.19,67.19,67.19,99,100,1.49
Port Hedland,AU,2019-10-10,02:19,-20.31,118.58,71.6,71.6,71.6,94,37,5.82
Gorin,RU,2019-10-10,04:19,51.2,136.66,40.55,40.55,40.55,83,79,2.23
Opuwo,NA,2019-10-09,20:19,-18.06,13.84,68.27,68.27,68.27,34,41,11.06
Beyneu,KZ,2019-10-09,23:19,45.32,55.19,56.57,56.57,56.57,69,100,19.57
Tromso,NO,2019-10-09,20:19,69.65,18.96,32.2,28.4,37.4,74,75,4.7
Pundaguitan,PH,2019-10-10,02:19,6.37,126.17,82.13,82.13,82.13,78,100,8.99
Sitka,US,2019-10-09,13:19,37.17,-99.65,78.19,75.99,80.01,56,0,18.99
Puteyets,RU,2019-10-09,21:19,65.17,57.09,32.81,32.81,32.81,92,100,4.54
Deer Lake,CA,2019-10-09,15:49,49.18,-57.43,55.4,55.4,55.4,50,20,8.05
Altona,CA,2019-10-09,13:19,49.1,-97.56,42.87,41.0,46.4,93,90,13.87
Aswan,EG,2019-10-09,20:19,24.09,32.9,94.91,94.91,94.91,21,64,12.29
Kailua,US,2019-10-09,08:19,21.39,-157.74,80.56,78.8,82.4,78,20,16.08
Praia da Vitoria,PT,2019-10-09,18:19,38.73,-27.07,69.8,69.8,69.8,60,75,6.98
Whitianga,NZ,2019-10-10,07:19,-36.83,175.7,61.0,61.0,61.0,94,100,7.0
Cotonou,BJ,2019-10-09,19:19,6.37,2.43,82.4,82.4,82.4,83,40,16.11
Mayumba,GA,2019-10-09,19:19,-3.44,10.65,76.91,76.91,76.91,86,100,7.13
Manicore,BR,2019-10-09,14:19,-5.81,-61.3,94.91,94.91,94.91,41,89,3.08
Alexandria,US,2019-10-09,14:19,38.81,-77.05,66.96,63.0,71.01,52,40,4.7
Melville,CA,2019-10-09,12:19,50.93,-102.81,29.7,28.99,30.2,80,40,17.22
Walvis Bay,NA,2019-10-09,20:19,-22.95,14.51,62.85,62.6,63.0,67,0,6.93
Shumikha,RU,2019-10-09,23:19,55.23,63.28,49.91,49.91,49.91,72,100,7.06
Newcastle,ZA,2019-10-09,20:19,-27.76,29.92,63.41,63.41,63.41,83,73,11.72
Saint-Ambroise,CA,2019-10-09,14:19,48.56,-71.32,56.26,51.8,60.01,50,20,4.7
Rafraf,TN,2019-10-09,19:19,37.19,10.18,69.8,69.8,69.8,83,40,3.36
Nabire,ID,2019-10-10,03:19,-3.36,135.5,71.33,71.33,71.33,98,100,2.07
Zakamensk,RU,2019-10-10,02:19,50.38,103.29,25.43,25.43,25.43,93,100,2.47
Flin Flon,CA,2019-10-09,13:19,54.77,-101.88,35.6,35.6,35.6,55,75,9.17
Banda Aceh,ID,2019-10-10,01:19,5.56,95.32,70.79,70.79,70.79,89,100,4.18
Hambantota,LK,2019-10-09,23:49,6.12,81.12,82.13,82.13,82.13,78,99,10.45
Beaverlodge,CA,2019-10-09,12:19,55.21,-119.43,23.0,23.0,23.0,73,20,9.17
Port Arthur,US,2019-10-09,13:19,29.9,-93.93,85.28,81.0,87.8,58,75,8.05
Tartagal,AR,2019-10-09,15:19,-22.52,-63.8,91.4,91.4,91.4,46,20,17.22
Korla,CN,2019-10-10,02:19,41.76,86.15,48.29,48.29,48.29,67,54,8.17
Candelaria,MX,2019-10-09,13:19,18.18,-91.04,83.93,83.93,83.93,78,64,4.66
Monduli,TZ,2019-10-09,21:19,-3.3,36.45,66.2,66.2,66.2,100,75,4.7
Valparaiso,CL,2019-10-09,15:19,-33.04,-71.63,75.43,68.0,86.0,11,100,17.22
Taber,CA,2019-10-09,12:19,49.79,-112.14,25.25,23.0,28.0,68,90,11.41
Murray Bridge,AU,2019-10-10,04:49,-35.12,139.28,47.46,44.01,50.0,94,1,2.14
Sobolevo,RU,2019-10-09,21:19,54.43,31.9,43.61,43.61,43.61,96,34,10.17
Mayo,CA,2019-10-09,11:19,63.59,-135.9,24.8,24.8,24.8,92,90,1.45
Nekrasovka,RU,2019-10-10,04:19,48.35,135.23,48.2,48.2,48.2,57,5,6.71
Camacha,PT,2019-10-09,19:19,33.08,-16.33,70.84,69.8,71.6,77,75,12.75
Komsomolets,KZ,2019-10-10,00:19,53.75,62.07,49.01,49.01,49.01,74,100,10.73
Plover,US,2019-10-09,13:19,44.46,-89.54,68.32,66.2,71.6,39,1,17.22
Ewa Beach,US,2019-10-09,08:19,21.32,-158.01,80.55,78.8,82.4,74,1,4.7
Dudinka,RU,2019-10-10,01:19,69.41,86.18,19.4,19.4,19.4,67,0,8.95
Belyy Yar,RU,2019-10-10,01:19,53.6,91.39,30.2,30.2,30.2,80,79,3.16
Forotic,RO,2019-10-09,21:19,45.23,21.59,60.17,55.0,66.0,54,80,2.24
Yeppoon,AU,2019-10-10,04:19,-23.13,150.74,71.6,71.6,71.6,68,90,9.17
Magdagachi,RU,2019-10-10,03:19,53.45,125.8,23.99,23.99,23.99,81,67,7.74
Komsomolskiy,RU,2019-10-09,21:19,67.55,63.78,33.35,33.35,33.35,92,100,3.51
Mweka,CD,2019-10-09,20:19,-4.85,21.56,73.49,73.49,73.49,93,99,1.72
Pangnirtung,CA,2019-10-09,14:19,66.15,-65.72,35.6,35.6,35.6,80,90,2.24
Springville,US,2019-10-09,12:19,40.17,-111.61,46.53,39.99,53.6,51,20,26.4
Dalbandin,PK,2019-10-09,23:19,28.9,64.41,76.19,76.19,76.19,13,0,1.94
Chokurdakh,RU,2019-10-10,05:19,70.62,147.9,4.37,4.37,4.37,88,0,3.28
Cururupu,BR,2019-10-09,15:19,-1.82,-44.87,84.11,84.11,84.11,58,96,4.98
Zabid,YE,2019-10-09,21:19,14.2,44.5,62.87,62.87,62.87,71,98,1.92
Ekhabi,RU,2019-10-10,05:19,53.51,142.97,43.97,43.97,43.97,86,94,14.16
San Juan,AR,2019-10-09,15:19,-31.54,-68.53,86.09,86.09,86.09,16,98,5.88
Halifax,CA,2019-10-09,15:19,44.65,-63.58,59.18,55.99,61.0,67,75,9.17
Varna,BG,2019-10-09,21:19,43.22,27.9,57.87,57.0,59.0,77,0,16.33
Saquisili,EC,2019-10-09,13:19,-0.83,-78.67,60.82,59.0,64.4,54,75,13.87
Boende,CD,2019-10-09,19:19,-0.28,20.88,74.21,74.21,74.21,95,79,1.58
Aden,YE,2019-10-09,21:19,12.79,45.03,83.93,83.93,83.93,66,73,12.58
Eseka,CM,2019-10-09,19:19,3.65,10.77,69.89,69.89,69.89,98,93,1.83
Pyinmana,MM,2019-10-10,00:49,19.74,96.21,72.41,72.41,72.41,92,21,1.44
Petropavlovsk-Kamchatskiy,RU,2019-10-10,06:19,53.05,158.65,42.8,42.8,42.8,87,75,4.47
Banganapalle,IN,2019-10-09,23:49,15.32,78.23,77.81,77.81,77.81,80,100,2.41
Cam Ranh,VN,2019-10-10,01:19,11.92,109.15,78.8,78.8,78.8,94,20,4.7
Marystown,CA,2019-10-09,15:49,47.17,-55.16,50.99,50.99,50.99,67,0,11.15
Cuyo,PH,2019-10-10,02:19,10.85,121.01,83.39,83.39,83.39,76,100,14.29
Healesville,AU,2019-10-10,05:19,-37.65,145.52,46.98,41.0,52.0,100,75,9.17
Sao Miguel do Araguaia,BR,2019-10-09,15:19,-13.28,-50.16,86.99,86.99,86.99,51,80,14.29
Havre-Saint-Pierre,CA,2019-10-09,14:19,50.23,-63.6,51.8,51.8,51.8,53,1,17.22
Koppies,ZA,2019-10-09,20:19,-27.24,27.57,68.27,68.27,68.27,16,0,7.72
Dabwali,IN,2019-10-09,23:49,29.95,74.74,75.11,75.11,75.11,33,0,5.28
Belem de Sao Francisco,BR,2019-10-09,15:19,-8.75,-38.97,95.27,95.27,95.27,17,39,17.68
Dongsheng,CN,2019-10-10,02:19,29.72,112.52,69.35,69.35,69.35,71,25,3.34
Leshukonskoye,RU,2019-10-09,21:19,64.9,45.76,33.17,33.17,33.17,95,99,11.53
Floro,NO,2019-10-09,20:19,61.6,5.03,50.36,46.4,53.01,76,75,13.87
Alamosa,US,2019-10-09,12:19,37.47,-105.87,62.69,60.8,64.4,22,1,10.29
Taonan,CN,2019-10-10,02:19,45.34,122.78,46.99,46.99,46.99,79,0,1.99
Tilichiki,RU,2019-10-10,06:19,60.47,166.1,21.47,21.47,21.47,68,33,8.78
Togur,RU,2019-10-10,01:19,58.36,82.83,31.91,31.91,31.91,85,60,5.37
Cartagena del Chaira,CO,2019-10-09,13:19,1.33,-74.84,81.59,81.59,81.59,88,45,5.91
Nantucket,US,2019-10-09,14:19,41.28,-70.1,54.72,53.01,55.99,93,90,20.8
Loralai,PK,2019-10-09,23:19,30.37,68.6,64.31,64.31,64.31,44,0,2.69
Slavutych,UA,2019-10-09,21:19,51.52,30.76,42.71,42.71,42.71,87,67,7.28
Lanxi,CN,2019-10-10,02:19,29.21,119.46,66.99,66.99,66.99,90,0,2.1
Mikuni,JP,2019-10-10,03:19,36.22,136.15,51.8,51.8,51.8,87,22,3.36
Rio Grande,BR,2019-10-09,15:19,-32.03,-52.1,78.57,77.0,80.6,44,20,17.22
Margate,ZA,2019-10-09,20:19,-30.86,30.37,67.19,67.19,67.19,89,100,31.34
Manzhouli,CN,2019-10-10,02:19,49.6,117.43,30.83,30.83,30.83,45,25,22.06
Gazanjyk,TM,2019-10-09,23:19,39.24,55.52,69.17,69.17,69.17,48,81,6.52
Anderson,US,2019-10-09,14:19,34.51,-82.65,71.46,68.0,75.0,68,90,3.36
Anadyr,RU,2019-10-10,06:19,64.73,177.51,24.35,24.01,24.8,85,33,11.18
Jining,CN,2019-10-10,02:19,35.41,116.58,62.01,62.01,62.01,93,100,4.2
Trinitapoli,IT,2019-10-09,20:19,41.36,16.09,71.65,71.01,72.0,73,0,8.05
Bor,TR,2019-10-09,21:19,37.89,34.56,60.35,60.35,60.35,37,0,6.77
Albolote,ES,2019-10-09,20:19,37.23,-3.66,76.26,70.0,84.2,30,0,9.17
Kamenka,RU,2019-10-09,21:19,53.19,44.05,43.0,43.0,43.0,71,100,18.53
Araouane,ML,2019-10-09,18:19,18.9,-3.53,96.89,96.89,96.89,8,0,9.96
Guarapari,BR,2019-10-09,15:19,-20.67,-40.5,81.32,80.01,82.4,69,20,16.11
Nishihara,JP,2019-10-10,03:19,35.74,139.53,61.9,54.0,66.2,68,0,12.75
Dakar,SN,2019-10-09,18:19,14.69,-17.45,81.43,80.6,82.4,83,40,6.93
Nemuro,JP,2019-10-10,03:19,43.32,145.57,55.31,55.31,55.31,71,0,4.64
Gizo,SB,2019-10-10,05:19,-8.1,156.84,75.47,75.47,75.47,91,85,5.78
Hagenow,DE,2019-10-09,20:19,53.43,11.19,50.5,48.99,52.0,87,98,5.82
Andenes,NO,2019-10-09,20:19,69.31,16.12,33.31,33.01,33.8,74,26,9.17
Sao Joao da Barra,BR,2019-10-09,15:19,-21.64,-41.05,79.41,78.8,80.6,69,75,18.34
Larsnes,NO,2019-10-09,20:19,62.2,5.58,47.16,41.0,53.01,66,75,12.75
Imbituba,BR,2019-10-09,15:19,-28.24,-48.67,80.6,80.6,80.6,54,0,12.75
Pitogo,PH,2019-10-10,02:19,13.79,122.09,81.23,81.23,81.23,82,73,15.27
Ossora,RU,2019-10-10,06:19,59.24,163.07,44.15,44.15,44.15,86,87,15.99
Werda,BW,2019-10-09,20:19,-25.27,23.28,76.55,76.55,76.55,11,0,14.8
Hit,IQ,2019-10-09,21:19,33.64,42.83,85.19,85.19,85.19,35,13,5.69
Atbasar,KZ,2019-10-10,00:19,51.81,68.36,54.95,54.95,54.95,43,19,6.25
Kudahuvadhoo,MV,2019-10-09,23:19,2.67,72.89,82.67,82.67,82.67,71,97,7.75
Boa Vista,BR,2019-10-09,14:19,2.82,-60.67,86.0,86.0,86.0,62,75,4.7
Videbaek,DK,2019-10-09,20:19,56.09,8.63,49.19,48.0,50.0,93,75,5.82
Tongzi,CN,2019-10-10,02:19,28.78,105.09,65.57,65.57,65.57,83,100,2.18
Rajula,IN,2019-10-09,23:49,21.04,71.44,82.67,82.67,82.67,69,67,5.7
Awbari,LY,2019-10-09,20:19,26.59,12.77,75.47,75.47,75.47,30,0,8.07
Terney,RU,2019-10-10,04:19,45.05,136.61,45.23,45.23,45.23,71,0,4.85
Keti Bandar,PK,2019-10-09,23:19,24.14,67.45,83.03,83.03,83.03,73,0,10.7
Naze,JP,2019-10-10,03:19,28.37,129.48,77.0,77.0,77.0,69,37,17.22
Zhangye,CN,2019-10-10,02:19,38.94,100.46,52.97,52.97,52.97,41,81,1.08
Sete Lagoas,BR,2019-10-09,15:19,-19.47,-44.25,84.16,84.0,84.2,39,40,9.17
Katherine,AU,2019-10-10,03:49,-14.47,132.26,78.8,78.8,78.8,24,94,5.82
Ovalle,CL,2019-10-09,15:19,-30.6,-71.2,90.59,90.59,90.59,6,100,9.54
Bardstown,US,2019-10-09,14:19,37.81,-85.47,63.01,60.8,66.2,82,90,5.11
Makhalino,RU,2019-10-09,21:19,53.09,46.22,41.09,41.09,41.09,77,68,12.56
Lensk,RU,2019-10-10,03:19,60.71,114.91,15.71,15.71,15.71,93,100,6.59
Grand-Santi,GF,2019-10-09,15:19,4.27,-54.38,94.55,94.55,94.55,37,65,3.49
Ngaoundere,CM,2019-10-09,19:19,7.32,13.58,68.0,68.0,68.0,94,75,2.9
Muros,ES,2019-10-09,20:19,42.77,-9.06,60.55,55.0,64.0,72,20,6.93
Yegorlykskaya,RU,2019-10-09,21:19,46.56,40.65,49.55,49.55,49.55,56,87,4.39
Shirokiy,RU,2019-10-09,21:19,53.87,39.17,42.01,42.01,42.01,98,100,5.99
Swellendam,ZA,2019-10-09,20:19,-34.02,20.44,50.0,50.0,50.0,61,97,4.77
Touros,BR,2019-10-09,15:19,-5.2,-35.46,84.2,84.2,84.2,54,20,16.11
Loding,NO,2019-10-09,20:19,67.3,14.75,37.27,36.0,37.99,59,16,13.87
General Roca,AR,2019-10-09,15:19,-39.03,-67.58,71.6,71.6,71.6,20,15,13.87
Russell,NZ,2019-10-10,07:19,-35.26,174.12,60.53,60.01,61.0,95,100,10.0
Raudeberg,NO,2019-10-09,20:19,61.99,5.14,50.59,48.2,53.01,76,75,13.87
Baruun-Urt,MN,2019-10-10,02:19,46.68,113.28,32.27,32.27,32.27,46,51,9.49
Fayetteville,US,2019-10-09,13:19,36.06,-94.16,67.28,66.0,71.01,68,1,8.05
Zharkent,KZ,2019-10-10,00:19,44.17,80.0,60.71,60.71,60.71,41,100,8.14
Comodoro Rivadavia,AR,2019-10-09,15:19,-45.87,-67.48,68.0,68.0,68.0,46,75,16.11
Natagaima,CO,2019-10-09,13:19,3.62,-75.09,85.19,85.19,85.19,45,78,7.16
Noyabrsk,RU,2019-10-09,23:19,63.2,75.45,37.85,37.85,37.85,84,99,22.08
Vanimo,PG,2019-10-10,04:19,-2.67,141.3,81.59,81.59,81.59,76,99,8.18
Isiro,CD,2019-10-09,20:19,2.77,27.62,68.63,68.63,68.63,96,60,2.16
Seversk,RU,2019-10-10,01:19,56.6,84.88,34.7,30.2,37.99,74,94,4.47
Caconda,AO,2019-10-09,19:19,-13.73,15.06,65.75,65.75,65.75,81,82,9.16
Nsoko,SZ,2019-10-09,20:19,-27.03,31.95,73.65,68.0,80.6,57,31,11.41
Challapata,BO,2019-10-09,14:19,-18.9,-66.78,50.81,50.81,50.81,35,0,3.99
Namatanai,PG,2019-10-10,04:19,-3.66,152.44,81.41,81.41,81.41,81,13,5.45
Alpena,US,2019-10-09,14:19,45.06,-83.43,62.1,57.99,64.99,55,40,6.93
Alghero,IT,2019-10-09,20:19,40.56,8.32,64.17,61.0,68.0,82,57,3.36
Tyubuk,RU,2019-10-09,23:19,56.05,60.94,44.01,44.01,44.01,78,100,8.18
Khobi,GE,2019-10-09,22:19,42.32,41.9,59.0,59.0,59.0,100,42,4.7
Merisani,RO,2019-10-09,21:19,44.97,24.73,49.01,49.01,49.01,69,9,1.17
Okato,NZ,2019-10-10,07:19,-39.19,173.88,55.54,54.0,57.0,90,100,10.0
Sabzevar,IR,2019-10-09,21:49,36.21,57.68,65.75,65.75,65.75,18,0,6.31
Stafford,GB,2019-10-09,19:19,52.81,-2.12,50.9,46.99,54.0,66,20,6.93
Calderitas,MX,2019-10-09,13:19,18.55,-88.26,80.6,80.6,80.6,94,75,4.16
Teya,RU,2019-10-10,01:19,60.37,92.63,22.55,22.55,22.55,70,0,1.66
Barao de Melgaco,BR,2019-10-09,14:19,-16.19,-55.97,91.4,91.4,91.4,41,75,9.17
Bay Roberts,CA,2019-10-09,15:49,47.58,-53.28,55.54,55.0,55.99,58,40,16.11
Riyadh,SA,2019-10-09,21:19,24.63,46.72,87.8,87.8,87.8,33,6,5.82
Suez,EG,2019-10-09,20:19,29.97,32.54,71.87,71.87,71.87,75,26,11.2
Nizwa,OM,2019-10-09,22:19,22.93,57.53,80.69,80.69,80.69,38,12,4.15
Verkhoyansk,RU,2019-10-10,04:19,67.55,133.39,9.95,9.95,9.95,77,59,6.82
Sangar,RU,2019-10-10,03:19,63.92,127.47,25.25,25.25,25.25,93,100,4.16
Verkhnevilyuysk,RU,2019-10-10,03:19,63.45,120.31,18.59,18.59,18.59,87,96,11.85
Pedernales,DO,2019-10-09,14:19,18.04,-71.74,89.6,89.6,89.6,62,40,12.75
Bonavista,CA,2019-10-09,15:49,48.65,-53.11,55.0,55.0,55.0,61,0,7.0
Kadur,IN,2019-10-09,23:49,13.55,76.01,71.51,71.51,71.51,87,100,7.7
Shimoda,JP,2019-10-10,03:19,34.7,138.93,59.49,59.0,63.0,75,4,5.99
Tautira,PF,2019-10-09,08:19,-17.73,-149.15,78.33,78.01,78.8,65,75,3.36
Guanare,VE,2019-10-09,14:19,9.04,-69.74,82.13,82.13,82.13,88,86,3.97
Ulladulla,AU,2019-10-10,05:19,-35.36,150.48,40.93,30.99,46.4,93,5,4.7
Alugan,PH,2019-10-10,02:19,12.22,125.48,77.27,77.27,77.27,91,100,6.47
Vermilion,CA,2019-10-09,12:19,53.35,-110.85,30.2,30.2,30.2,63,20,11.41
Kaiyuan,CN,2019-10-10,02:19,42.54,124.04,55.13,55.13,55.13,58,12,14.95
Yenotayevka,RU,2019-10-09,22:19,47.24,47.04,47.93,47.93,47.93,48,51,3.64
The Valley,AI,2019-10-09,14:19,18.22,-63.06,87.22,86.0,89.01,62,20,11.41
Nouadhibou,MR,2019-10-09,18:20,20.93,-17.03,77.0,77.0,77.0,61,89,13.87
Hervey Bay,AU,2019-10-10,04:20,-25.3,152.85,63.41,62.6,64.0,77,40,8.05
Port Blair,IN,2019-10-09,23:50,11.67,92.75,83.39,83.39,83.39,71,83,4.86
Lalibela,ET,2019-10-09,21:20,12.04,39.05,58.91,58.91,58.91,71,34,8.14
Clarence Town,BS,2019-10-09,14:20,23.1,-74.98,83.57,83.57,83.57,75,39,5.2
Capoterra,IT,2019-10-09,20:20,39.18,8.97,72.09,69.8,73.4,77,9,4.7
Miles City,US,2019-10-09,12:20,46.41,-105.84,27.5,27.0,28.4,92,90,18.34
Valdemarpils,LV,2019-10-09,21:20,57.37,22.59,51.8,51.8,51.8,93,75,6.93
Tadine,NC,2019-10-10,05:20,-21.55,167.88,68.27,68.27,68.27,90,0,6.89
Palana,RU,2019-10-10,06:20,59.08,159.95,37.31,37.31,37.31,82,84,5.64
Gordeyevka,RU,2019-10-09,21:20,52.96,31.97,45.23,45.23,45.23,92,87,11.27
Smoky Lake,CA,2019-10-09,12:20,54.11,-112.47,36.0,36.0,36.0,53,5,5.99
Santa Rita,PY,2019-10-09,15:20,-25.8,-55.09,90.19,87.8,91.4,27,20,9.17
Narsingi,IN,2019-10-09,23:50,18.04,78.43,72.0,72.0,72.0,85,100,5.32
Vanavara,RU,2019-10-10,01:20,60.35,102.28,21.11,21.11,21.11,77,98,6.97
Tumen,CN,2019-10-10,02:20,42.97,129.84,43.79,43.79,43.79,75,0,0.78
Kapuskasing,CA,2019-10-09,14:20,49.42,-82.43,64.4,64.4,64.4,48,40,13.87
Itoman,JP,2019-10-10,03:20,26.12,127.67,74.25,73.0,77.0,69,20,13.87
Mbarara,UG,2019-10-09,21:20,-0.61,30.65,68.45,68.45,68.45,67,64,0.35
Staraya Russa,RU,2019-10-09,21:20,57.99,31.36,37.13,37.13,37.13,96,79,4.27
Den Helder,NL,2019-10-09,20:20,52.96,4.76,50.07,48.0,53.6,81,90,13.87
Pringsewu,ID,2019-10-10,01:20,-5.36,104.98,70.79,70.79,70.79,98,55,1.93
Moose Factory,CA,2019-10-09,14:20,51.26,-80.61,66.2,66.2,66.2,45,1,13.87
Tual,ID,2019-10-10,03:20,-5.67,132.75,78.17,78.17,78.17,86,100,8.14
Nivala,FI,2019-10-09,21:20,63.93,24.96,34.0,34.0,34.0,94,95,5.99
Cayenne,GF,2019-10-09,15:20,4.94,-52.33,89.6,89.6,89.6,59,75,13.87
Kalaleh,IR,2019-10-09,21:50,37.38,55.49,74.03,71.6,75.2,73,50,4.7
Mangan,IN,2019-10-09,23:50,27.5,88.54,49.73,49.73,49.73,82,44,4.37
Martinsicuro,IT,2019-10-09,20:20,42.89,13.92,62.94,59.0,66.2,72,2,3.36
Palizada,MX,2019-10-09,13:20,18.25,-92.09,84.2,84.2,84.2,74,75,3.36
Yangjiang,CN,2019-10-10,02:20,21.85,111.96,73.31,73.31,73.31,93,1,2.59
Kilindoni,TZ,2019-10-09,21:20,-7.91,39.67,76.91,76.91,76.91,89,100,13.07
Kroya,ID,2019-10-10,01:20,-6.5,108.06,73.49,73.49,73.49,91,43,2.13
Ambulu,ID,2019-10-10,01:20,-8.35,113.61,76.37,76.37,76.37,83,15,5.73
College,US,2019-10-09,10:20,64.86,-147.8,34.68,34.0,35.6,93,90,3.36
Grants Pass,US,2019-10-09,11:20,42.44,-123.33,47.57,45.0,51.01,61,1,3.67
Nehe,CN,2019-10-10,02:20,48.48,124.88,46.13,46.13,46.13,69,80,12.73
Iquique,CL,2019-10-09,15:20,-20.22,-70.14,64.4,64.4,64.4,63,0,9.17
Jumla,NP,2019-10-10,00:05,29.28,82.18,41.45,41.45,41.45,91,4,3.57
Moyale,ET,2019-10-09,21:20,3.52,39.05,74.57,74.57,74.57,74,100,6.87
Taguatinga,BR,2019-10-09,15:20,-15.83,-48.06,85.53,84.0,87.8,38,75,10.29
Along,IN,2019-10-09,23:50,28.17,94.8,66.47,66.47,66.47,90,96,1.46
Kattivakkam,IN,2019-10-09,23:50,13.22,80.32,84.2,84.2,84.2,79,40,9.17
Zambezi,ZM,2019-10-09,20:20,-13.55,23.12,71.33,71.33,71.33,57,94,2.41
Manta,EC,2019-10-09,13:20,-0.95,-80.73,77.0,77.0,77.0,78,40,13.87
Brockville,CA,2019-10-09,14:20,44.59,-75.69,59.14,57.0,63.0,54,1,8.05
Morlaix,FR,2019-10-09,20:20,48.58,-3.83,56.97,55.99,57.2,82,75,17.22
Yining,CN,2019-10-10,02:20,29.04,114.56,66.47,66.47,66.47,79,0,0.86
Fukue,JP,2019-10-10,03:20,35.03,136.69,60.82,57.99,64.4,68,75,6.93
Waikuku,NZ,2019-10-10,07:20,-43.29,172.68,57.78,57.0,59.0,51,100,5.82
Barra do Garcas,BR,2019-10-09,14:20,-15.89,-52.26,86.0,86.0,86.0,58,75,8.05
Sumenep,ID,2019-10-10,01:20,-7.02,113.87,79.61,79.61,79.61,77,7,12.92
Gusinoye Ozero,RU,2019-10-10,02:20,51.11,106.26,27.77,27.77,27.77,76,0,5.92
Tomatlan,MX,2019-10-09,13:20,19.93,-105.25,89.69,89.69,89.69,55,57,4.48
Solton,RU,2019-10-10,01:20,52.84,86.48,40.01,40.01,40.01,78,20,5.46
Shieli,KZ,2019-10-09,23:20,44.18,66.74,61.79,61.79,61.79,14,47,7.8
Lodja,CD,2019-10-09,20:20,-3.52,23.6,72.77,72.77,72.77,89,88,0.64
Tianpeng,CN,2019-10-10,02:20,28.88,112.34,69.71,69.71,69.71,71,11,3.91
Saint-Joseph,RE,2019-10-09,22:20,-21.37,55.62,68.32,59.0,73.4,68,0,3.36
Yulara,AU,2019-10-10,03:50,-25.24,130.99,60.8,60.8,60.8,19,0,6.93
Tatarsk,RU,2019-10-10,01:20,55.22,75.96,50.09,50.09,50.09,63,34,7.3
Mao,TD,2019-10-09,19:20,14.12,15.31,91.49,91.49,91.49,36,62,3.81
Lac du Bonnet,CA,2019-10-09,13:20,50.25,-96.06,41.0,41.0,41.0,86,100,7.0
Dickinson,US,2019-10-09,12:20,46.88,-102.79,32.0,30.99,33.8,86,90,17.22
Paamiut,GL,2019-10-09,16:20,61.99,-49.67,41.09,41.09,41.09,79,79,5.74
Payakumbuh,ID,2019-10-10,01:20,-0.23,100.63,66.65,66.65,66.65,95,21,3.36
Ixtapa,MX,2019-10-09,13:20,20.71,-105.21,89.82,89.6,90.0,59,20,9.17
Suntar,RU,2019-10-10,03:20,62.16,117.65,22.73,22.73,22.73,89,100,8.65
Roald,NO,2019-10-09,20:20,62.58,6.12,45.54,41.0,50.0,66,40,6.93
Amalapuram,IN,2019-10-09,23:50,16.58,82.0,76.91,76.91,76.91,90,95,2.13
Ust-Tarka,RU,2019-10-10,01:20,55.56,75.71,49.19,49.19,49.19,71,66,7.96
Mitsamiouli,KM,2019-10-09,21:20,-11.38,43.28,80.6,80.6,80.6,74,20,2.24
Verkhniy Avzyan,RU,2019-10-09,23:20,53.53,57.54,39.47,39.47,39.47,96,100,2.74
Mogadishu,SO,2019-10-09,21:20,2.04,45.34,80.33,80.33,80.33,85,30,10.02
Boysun,UZ,2019-10-09,23:20,38.2,67.2,61.43,61.43,61.43,25,3,5.17
Berezovyy,RU,2019-10-10,04:20,51.67,135.7,36.77,36.77,36.77,77,98,2.46
Lubango,AO,2019-10-09,19:20,-14.92,13.49,63.59,63.59,63.59,73,25,6.85
Waddan,LY,2019-10-09,20:20,29.16,16.14,81.59,81.59,81.59,27,100,14.72
Popondetta,PG,2019-10-10,04:20,-8.77,148.24,64.31,64.31,64.31,96,100,1.55
Phalaborwa,ZA,2019-10-09,20:20,-23.95,31.14,84.2,84.2,84.2,48,0,2.24
Wilson,US,2019-10-09,14:20,35.72,-77.92,67.71,66.2,69.01,68,90,10.29
Jiangyou,CN,2019-10-10,02:20,31.78,104.73,56.75,56.75,56.75,80,100,2.9
Tamworth,AU,2019-10-10,05:20,-31.09,150.93,43.57,42.01,46.4,70,0,8.05
North Myrtle Beach,US,2019-10-09,14:20,33.83,-78.68,73.27,71.6,75.0,64,20,8.05
Mersing,MY,2019-10-10,02:20,2.43,103.84,83.03,83.03,83.03,66,0,3.34
Nizhniy Tsasuchey,RU,2019-10-10,03:20,50.52,115.13,28.85,28.85,28.85,53,25,15.62
Amparafaravola,MG,2019-10-09,21:20,-17.68,48.22,63.05,63.05,63.05,81,22,12.58
Pontal do Parana,BR,2019-10-09,15:20,-25.67,-48.51,76.05,73.4,78.8,56,40,6.93
Faizpur,IN,2019-10-09,23:50,21.16,75.86,75.11,75.11,75.11,76,0,3.53
Ulverstone,AU,2019-10-10,05:20,-41.16,146.17,48.27,46.0,50.0,81,100,5.01
Taoudenni,ML,2019-10-09,18:20,22.68,-3.98,91.67,91.67,91.67,12,11,12.27
Omboue,GA,2019-10-09,19:20,-1.57,9.26,75.47,75.47,75.47,92,94,2.94
Letlhakane,BW,2019-10-09,20:20,-21.42,25.59,82.31,82.31,82.31,11,0,5.54
Wahpeton,US,2019-10-09,13:20,46.27,-96.61,66.04,64.4,68.0,55,79,16.11
Beloha,MG,2019-10-09,21:20,-25.17,45.06,82.67,82.67,82.67,38,85,10.91
Nevelsk,RU,2019-10-10,05:20,46.67,141.86,37.4,37.4,37.4,93,20,2.24
Atambua,ID,2019-10-10,02:20,-9.11,124.89,68.63,68.63,68.63,71,68,3.66
San Jeronimo,MX,2019-10-09,11:20,29.37,-110.79,89.6,86.0,93.0,31,5,5.82
Yumen,CN,2019-10-10,02:20,40.29,97.04,54.41,54.41,54.41,46,93,3.97
Jawhar,SO,2019-10-09,21:20,2.78,45.5,81.23,81.23,81.23,67,72,14.92
Seda,LV,2019-10-09,21:20,57.65,25.75,46.99,46.99,46.99,96,94,1.99
Marsa Matruh,EG,2019-10-09,20:20,31.35,27.25,75.2,75.2,75.2,73,55,8.05
Nsanje,MW,2019-10-09,20:20,-16.92,35.26,89.51,89.51,89.51,25,22,10.56
La Seyne-sur-Mer,FR,2019-10-09,20:20,43.1,5.88,64.81,57.99,70.0,64,47,6.93
Mayor Pablo Lagerenza,PY,2019-10-09,15:20,-19.93,-60.77,100.49,100.49,100.49,17,0,5.47
Tasikmalaya,ID,2019-10-10,01:20,-7.33,108.22,67.01,67.01,67.01,86,65,2.38
Erenhot,CN,2019-10-10,02:20,43.65,111.97,47.75,47.75,47.75,63,80,16.36
Gimbi,ET,2019-10-09,21:20,8.81,37.79,51.17,51.17,51.17,94,59,7.69
Muscat,OM,2019-10-09,22:20,23.6,58.55,86.0,86.0,86.0,62,0,2.24
Agadez,NE,2019-10-09,19:20,16.97,7.99,91.4,91.4,91.4,41,20,9.17
Hakkari,TR,2019-10-09,21:20,37.58,44.17,43.97,43.97,43.97,71,46,1.72
Santiago de Cao,PE,2019-10-09,13:20,-7.96,-79.24,66.2,66.2,66.2,77,20,12.75
Inverness,CA,2019-10-09,14:20,46.26,-71.52,59.41,57.2,62.01,54,20,5.08
Livingston,US,2019-10-09,12:20,45.66,-110.56,22.01,18.0,24.8,79,90,23.04
Redmond,US,2019-10-09,11:20,47.67,-122.12,44.04,39.99,48.2,52,20,6.93
Mahajanga,MG,2019-10-09,21:20,-15.72,46.32,80.6,80.6,80.6,74,20,4.7
Zhezkazgan,KZ,2019-10-10,00:20,47.8,67.71,55.13,55.13,55.13,27,23,4.15
Linhares,BR,2019-10-09,15:20,-19.38,-40.06,83.21,83.21,83.21,61,72,10.66
Egvekinot,RU,2019-10-10,06:20,66.32,-179.17,18.23,18.23,18.23,78,66,7.65
Paracuru,BR,2019-10-09,15:20,-3.41,-39.03,81.95,80.01,84.2,54,43,13.87
Sao Jose da Coroa Grande,BR,2019-10-09,15:20,-8.9,-35.15,77.99,77.99,77.99,77,40,16.38
Lodwar,KE,2019-10-09,21:20,3.12,35.6,89.69,89.69,89.69,36,99,12.58
Erdenet,MN,2019-10-10,02:20,49.03,104.04,25.43,25.43,25.43,80,100,3.27
Yoichi,JP,2019-10-10,03:20,43.19,140.77,42.01,42.01,42.01,82,0,3.6
Sinjai,ID,2019-10-10,02:20,-5.12,120.25,81.23,81.23,81.23,78,69,10.65
Karmala,IN,2019-10-09,23:50,18.41,75.19,77.99,77.99,77.99,62,73,9.82
Pacific Grove,US,2019-10-09,11:20,36.62,-121.92,62.47,57.99,66.99,63,40,8.05
Hajnowka,PL,2019-10-09,20:20,52.74,23.58,50.02,48.99,52.0,84,71,1.99
Sept-Iles,CA,2019-10-09,14:20,50.2,-66.38,50.59,48.99,51.8,53,20,11.41
Lazaro Cardenas,MX,2019-10-09,12:20,28.39,-105.62,80.6,80.6,80.6,36,5,6.93
Nosy Varika,MG,2019-10-09,21:20,-20.58,48.53,70.97,70.97,70.97,90,1,6.47
Aloleng,PH,2019-10-10,02:20,16.13,119.78,74.21,74.21,74.21,89,11,2.78
Altea,ES,2019-10-09,20:20,38.6,-0.05,72.93,70.0,75.99,73,0,3.36
Chitral,PK,2019-10-09,23:20,35.85,71.79,42.53,42.53,42.53,50,0,2.83
Beringovskiy,RU,2019-10-10,06:20,63.05,179.32,33.17,33.17,33.17,68,2,15.49
Tarauaca,BR,2019-10-09,13:20,-8.16,-70.77,95.45,95.45,95.45,36,50,4.93
Neede,NL,2019-10-09,20:20,52.13,6.61,51.93,50.0,54.0,93,75,11.41
Half Moon Bay,US,2019-10-09,11:20,37.46,-122.43,64.36,55.99,70.0,67,1,11.41
Bandundu,CD,2019-10-09,19:20,-3.32,17.38,76.55,76.55,76.55,85,89,6.22
Whitehorse,CA,2019-10-09,11:20,60.72,-135.06,28.15,26.6,30.0,86,75,13.87
Kabalo,CD,2019-10-09,20:20,-6.05,26.92,74.57,74.57,74.57,85,98,4.44
Ilula,TZ,2019-10-09,21:20,-7.68,36.04,69.8,69.8,69.8,60,75,5.82
Lake Shore,US,2019-10-09,13:20,46.49,-94.36,66.06,64.0,68.0,55,1,14.99
Koroni,GR,2019-10-09,21:20,36.8,21.96,69.87,66.2,73.0,77,20,5.04
Kawalu,ID,2019-10-10,01:20,-7.38,108.21,67.01,67.01,67.01,86,65,2.38
Sandnessjoen,NO,2019-10-09,20:20,66.02,12.63,40.21,37.0,42.8,60,5,10.29
Olivenza,ES,2019-10-09,20:20,38.68,-7.1,83.19,80.01,86.0,27,0,5.82
Nuuk,GL,2019-10-09,16:20,64.17,-51.74,44.28,44.01,44.6,45,20,5.82
Krasnotorka,UA,2019-10-09,21:20,48.68,37.52,50.27,50.27,50.27,46,95,14.76
Ugoofaaru,MV,2019-10-09,23:20,5.67,73.0,82.49,82.49,82.49,78,100,11.37
Kuruman,ZA,2019-10-09,20:20,-27.46,23.43,70.0,70.0,70.0,29,0,5.99
Krk,HR,2019-10-09,20:20,45.03,14.57,65.28,61.0,66.99,77,20,9.17
Sterling,US,2019-10-09,14:20,39.0,-77.4,67.21,63.0,71.6,49,20,4.7
Lieksa,FI,2019-10-09,21:20,63.32,30.02,33.89,33.89,33.89,97,100,8.97
Ampanihy,MG,2019-10-09,21:20,-24.69,44.75,80.87,80.87,80.87,41,46,12.14
Newport,US,2019-10-09,14:20,41.49,-71.31,53.91,51.01,57.2,87,90,19.46
Maldonado,UY,2019-10-09,15:20,-34.91,-54.96,65.03,65.03,65.03,73,20,2.87
Umm Kaddadah,SD,2019-10-09,20:20,13.6,26.69,92.21,92.21,92.21,30,27,8.45
Churapcha,RU,2019-10-10,03:20,62.0,132.43,30.29,30.29,30.29,92,100,6.16
Port Moresby,PG,2019-10-10,04:20,-9.47,147.16,75.47,75.47,75.47,89,100,13.38
Three Hills,CA,2019-10-09,12:20,51.7,-113.27,27.14,24.01,34.0,68,75,11.41
Sur,OM,2019-10-09,22:20,22.57,59.53,81.41,81.41,81.41,58,0,8.59
Ojinaga,MX,2019-10-09,12:20,29.57,-104.42,86.58,86.0,87.01,33,1,0.55
Miracema do Tocantins,BR,2019-10-09,15:20,-9.56,-48.4,94.37,94.37,94.37,36,62,2.55
Columbus,US,2019-10-09,14:20,32.46,-84.99,76.91,71.6,82.99,61,90,9.17
Salinas,EC,2019-10-09,13:20,0.49,-78.13,56.55,55.4,59.0,62,75,13.87
Huanren,CN,2019-10-10,02:20,41.26,125.37,41.63,41.63,41.63,97,33,5.31
Adwa,ET,2019-10-09,21:20,14.16,38.9,64.31,64.31,64.31,62,84,3.94
Qinzhou,CN,2019-10-10,02:20,21.96,108.62,74.93,74.93,74.93,91,5,4.69
Aksarka,RU,2019-10-09,23:20,66.56,67.8,37.49,37.49,37.49,98,100,5.31
Kambove,CD,2019-10-09,20:20,-10.88,26.6,71.69,71.69,71.69,56,71,4.55
Garoua Boulai,CM,2019-10-09,19:20,5.88,14.55,67.19,67.19,67.19,96,100,3.21
Manuk Mangkaw,PH,2019-10-10,02:20,4.8,119.85,82.13,82.13,82.13,72,65,2.21
Mathathane,BW,2019-10-09,20:20,-22.27,28.75,86.27,86.27,86.27,22,0,14.32
Kununurra,AU,2019-10-10,02:20,-15.77,128.74,87.8,87.8,87.8,10,0,10.29
Bonthe,SL,2019-10-09,18:20,7.53,-12.5,77.63,77.63,77.63,87,94,9.61
Tomaszow Mazowiecki,PL,2019-10-09,20:20,51.53,20.01,53.26,52.0,54.0,93,75,4.7
Pitimbu,BR,2019-10-09,15:20,-7.47,-34.81,84.2,84.2,84.2,58,75,17.22
Santa Vitoria,BR,2019-10-09,14:20,-7.82,-67.03,96.17,96.17,96.17,37,26,5.16
Jardim,BR,2019-10-09,14:20,-21.48,-56.15,99.41,99.41,99.41,16,0,7.45
Sungairaya,ID,2019-10-10,01:20,0.7,108.9,75.11,75.11,75.11,88,22,1.29
Yueyang,CN,2019-10-10,02:20,29.36,113.12,68.09,68.09,68.09,74,0,4.83
Ojuelos de Jalisco,MX,2019-10-09,13:20,21.86,-101.59,69.53,69.53,69.53,48,55,5.29
Dire,ML,2019-10-09,18:20,12.28,-10.97,82.13,82.13,82.13,82,96,3.16
Coracora,PE,2019-10-09,13:20,-15.02,-73.78,65.57,65.57,65.57,19,7,13.0
Begoro,GH,2019-10-09,18:21,6.38,-0.38,72.23,72.23,72.23,96,85,3.47
Shingu,JP,2019-10-10,03:21,33.72,135.99,73.67,73.67,73.67,80,31,25.18
Tezu,IN,2019-10-09,23:51,27.93,96.16,67.91,67.91,67.91,96,93,3.65
Charters Towers,AU,2019-10-10,04:21,-20.07,146.27,65.03,65.03,65.03,97,41,9.52
Safranbolu,TR,2019-10-09,21:21,41.25,32.69,55.4,55.4,55.4,100,0,3.36
Red Bluff,US,2019-10-09,11:21,40.18,-122.24,62.04,57.99,64.99,16,1,34.45
Balteni,RO,2019-10-09,21:21,46.67,27.62,57.02,55.0,59.0,67,58,6.93
Auki,SB,2019-10-10,05:21,-8.77,160.7,82.13,82.13,82.13,76,100,10.37
Santa Maria,CV,2019-10-09,17:21,16.6,-22.9,84.97,84.2,86.0,66,75,13.87
Porto Tolle,IT,2019-10-09,20:21,44.95,12.32,62.64,59.0,66.0,77,75,10.29
Innisfail,AU,2019-10-10,04:21,-17.52,146.03,64.13,64.13,64.13,87,85,3.87
Preobrazheniye,RU,2019-10-10,04:21,42.9,133.91,46.67,46.67,46.67,77,0,5.38
Gorontalo,ID,2019-10-10,02:21,0.54,123.06,70.97,70.97,70.97,76,9,2.36
Ust-Nera,RU,2019-10-10,04:21,64.57,143.24,15.71,15.71,15.71,94,100,8.24
Kristiansund,NO,2019-10-09,20:21,63.12,7.73,46.22,44.6,48.2,61,99,9.17
Boljevac,RS,2019-10-09,20:21,43.83,21.96,68.0,68.0,68.0,49,0,5.82
Wenling,CN,2019-10-10,02:21,28.38,121.38,71.28,69.01,73.0,60,63,3.68
Shelburne,CA,2019-10-09,14:21,44.08,-80.2,63.61,60.01,66.99,48,1,4.7
Lilongwe,MW,2019-10-09,20:21,-13.97,33.79,74.39,74.39,74.39,47,7,5.28
Koumac,NC,2019-10-10,05:21,-20.56,164.28,64.13,64.13,64.13,93,47,1.51
Kirkkonummi,FI,2019-10-09,21:21,60.12,24.44,41.0,39.0,42.01,86,40,5.82
Zahir Pir,PK,2019-10-09,23:21,28.81,70.52,81.95,81.95,81.95,27,0,6.68
Kharp,RU,2019-10-09,23:21,66.82,65.8,33.53,33.53,33.53,98,100,1.87
Ixhuatan,MX,2019-10-09,13:21,16.36,-94.48,87.17,87.17,87.17,60,92,7.8
Iquitos,PE,2019-10-09,13:21,-3.75,-73.25,42.8,42.8,42.8,319,40,4.7
Axim,GH,2019-10-09,18:21,4.87,-2.24,76.37,76.37,76.37,84,87,6.74
Chahal,GT,2019-10-09,12:21,15.75,-89.57,89.33,89.33,89.33,52,94,2.24
Yantal,RU,2019-10-10,02:21,56.85,105.25,20.39,20.39,20.39,80,100,6.78
Pahrump,US,2019-10-09,11:21,36.21,-115.98,76.17,64.99,82.0,14,1,11.41
Tornio,FI,2019-10-09,21:21,61.12,27.27,30.31,26.6,32.0,92,32,2.24
Ankpa,NG,2019-10-09,19:21,7.37,7.63,74.57,74.57,74.57,91,86,3.03
Qasigiannguit,GL,2019-10-09,16:21,68.82,-51.19,32.0,32.0,32.0,62,20,4.7
Kulhudhuffushi,MV,2019-10-09,23:21,6.62,73.07,82.85,82.85,82.85,76,100,9.42
Jinzhou,CN,2019-10-10,02:21,41.11,121.12,56.75,56.75,56.75,71,78,8.85
Galbshtadt,RU,2019-10-10,01:21,53.23,78.98,50.99,50.99,50.99,70,2,8.25
Williams Lake,CA,2019-10-09,11:21,52.13,-122.14,24.8,24.8,24.8,62,20,2.24
Karpathos,GR,2019-10-09,21:21,35.51,27.21,71.6,71.6,71.6,73,20,17.22
Semey,KZ,2019-10-10,00:21,50.41,80.25,51.17,51.17,51.17,75,0,6.39
Oriximina,BR,2019-10-09,15:21,-1.77,-55.87,93.29,93.29,93.29,44,91,4.06
Chettipalaiyam,IN,2019-10-09,23:51,10.9,77.07,77.0,77.0,77.0,88,20,4.7
Makakilo City,US,2019-10-09,08:21,21.35,-158.09,80.55,78.8,82.4,74,1,4.7
Kouqian,CN,2019-10-10,02:21,43.66,126.5,46.31,46.31,46.31,86,0,9.06
Oytal,KZ,2019-10-10,00:21,42.91,73.27,59.81,59.81,59.81,45,0,3.42
Green Valley,US,2019-10-09,13:21,40.41,-89.64,71.74,69.01,75.0,37,1,12.75
Filadelfia,PY,2019-10-09,15:21,-22.35,-60.04,94.91,94.91,94.91,23,0,6.81
Lazarev,RU,2019-10-10,04:21,52.23,141.51,44.51,44.51,44.51,67,0,9.3
Mezhdurechenskiy,RU,2019-10-09,23:21,59.59,65.91,52.25,52.25,52.25,94,100,7.27
Santiago de Cuba,CU,2019-10-09,14:21,20.03,-75.83,88.52,86.0,89.6,66,20,6.93
Wattegama,LK,2019-10-09,23:51,7.35,80.68,73.31,73.31,73.31,94,100,0.37
Tarija,BO,2019-10-09,14:21,-21.53,-64.73,82.4,82.4,82.4,32,20,11.41
Sidi Ali,DZ,2019-10-09,19:21,36.1,0.42,73.49,73.49,73.49,50,0,5.17
Abu Dhabi,AE,2019-10-09,22:21,24.47,54.37,88.66,87.8,89.6,75,0,5.82
Ako,JP,2019-10-10,03:21,34.79,134.38,53.94,51.01,57.99,75,0,4.61
Morehead,PG,2019-10-10,04:21,-8.71,141.64,69.89,69.89,69.89,96,95,3.67
Baghdad,IQ,2019-10-09,21:21,33.3,44.38,87.8,87.8,87.8,45,43,3.36
Binga,CD,2019-10-09,20:21,0.52,29.32,65.75,65.75,65.75,95,77,2.04
Kholodnyy,RU,2019-10-10,05:21,62.72,147.95,18.95,18.95,18.95,95,100,4.7
Tahoua,NE,2019-10-09,19:21,14.89,5.26,84.2,84.2,84.2,66,40,6.93
Kurilsk,RU,2019-10-10,04:21,45.23,147.88,50.45,50.45,50.45,82,0,10.9
Saint-Francois,GP,2019-10-09,14:21,16.25,-61.27,82.4,82.4,82.4,78,96,6.93
Ngorongoro,TZ,2019-10-09,21:21,-3.24,35.49,67.91,67.91,67.91,67,38,10.22
Penzance,GB,2019-10-09,19:21,50.12,-5.53,55.04,54.0,55.99,82,75,18.34
Wasilla,US,2019-10-09,10:21,61.58,-149.44,43.68,37.99,48.0,86,90,9.17
Arvi,IN,2019-10-09,23:51,21.0,78.23,73.85,73.85,73.85,79,0,4.46
Chingirlau,KZ,2019-10-09,23:21,51.09,54.08,42.35,42.35,42.35,87,71,9.27
Smithers,CA,2019-10-09,11:21,54.78,-127.17,26.6,26.6,26.6,86,20,3.36
Deputatskiy,RU,2019-10-10,04:21,69.3,139.9,3.29,3.29,3.29,97,100,3.08
Alindao,CF,2019-10-09,19:21,5.04,21.21,70.79,70.79,70.79,95,55,1.91
Alice Springs,AU,2019-10-10,03:51,-23.7,133.88,50.0,50.0,50.0,29,0,3.36
Ula,PH,2019-10-10,02:21,7.13,125.49,77.65,77.0,78.8,94,90,4.7
Panguipulli,CL,2019-10-09,15:21,-39.64,-72.33,67.06,64.4,69.01,52,93,3.36
Jaguariuna,BR,2019-10-09,15:21,-22.71,-46.99,77.11,75.0,79.0,61,40,8.05
Bahia de Caraquez,EC,2019-10-09,13:21,-0.6,-80.42,77.0,77.0,77.0,78,40,13.87
Norton,ZW,2019-10-09,20:21,-17.87,30.7,64.4,64.4,64.4,77,75,9.17
Samborondon,EC,2019-10-09,13:21,-2.27,-79.59,83.01,82.0,84.2,58,40,8.05
Manthani,IN,2019-10-09,23:51,18.65,79.67,76.37,76.37,76.37,88,100,1.04
Lawton,US,2019-10-09,13:21,34.61,-98.39,80.47,78.8,82.0,51,1,23.04
Vuktyl,RU,2019-10-09,21:21,63.86,57.31,32.99,32.99,32.99,97,100,2.56
Copiapo,CL,2019-10-09,15:21,-27.37,-70.33,62.6,62.6,62.6,63,40,12.75
Sfantu Gheorghe,RO,2019-10-09,21:21,44.65,26.83,57.65,53.6,62.01,81,0,3.36
Haapiti,PF,2019-10-09,08:21,-17.57,-149.87,78.35,78.01,78.8,65,75,3.36
Tommot,RU,2019-10-10,03:21,58.97,126.27,22.01,22.01,22.01,94,100,11.37
Pangkalanbuun,ID,2019-10-10,01:21,-2.68,111.62,72.41,72.41,72.41,90,40,1.29
Kiruna,SE,2019-10-09,20:21,67.86,20.23,32.0,32.0,32.0,82,99,3.25
Havoysund,NO,2019-10-09,20:21,71.0,24.66,40.23,39.2,41.0,86,75,17.22
Hounde,BF,2019-10-09,18:21,11.5,-3.52,83.21,83.21,83.21,68,84,6.36
Lere,NG,2019-10-09,19:21,10.39,8.57,71.33,71.33,71.33,91,60,4.16
Shache,CN,2019-10-10,02:21,38.42,77.24,68.0,68.0,68.0,56,100,1.01
Swan Hill,AU,2019-10-10,05:21,-35.34,143.56,40.73,40.73,40.73,94,0,6.83
Aksu,KZ,2019-10-10,00:21,52.04,76.93,44.6,44.6,44.6,75,0,8.95
Progreso,MX,2019-10-09,13:21,20.25,-99.19,65.21,65.21,65.21,59,98,5.68
Dhandhuka,IN,2019-10-09,23:51,22.38,71.98,85.55,85.55,85.55,59,43,3.92
San Jose,GT,2019-10-09,12:21,16.98,-89.9,88.97,88.97,88.97,58,53,2.67
Puerto Cabezas,NI,2019-10-09,12:21,14.04,-83.39,89.6,89.6,89.6,70,75,4.7
Asyut,EG,2019-10-09,20:21,27.18,31.19,91.4,91.4,91.4,27,0,20.8
Amapa,BR,2019-10-09,15:21,-1.83,-56.23,93.29,93.29,93.29,44,91,4.06
Bumba,CD,2019-10-09,19:21,2.18,22.47,72.95,72.95,72.95,83,20,2.07
Xiashi,CN,2019-10-10,02:21,22.12,106.89,71.15,71.15,71.15,91,65,1.68
Yelizovo,RU,2019-10-10,06:21,53.19,158.38,42.8,42.8,42.8,87,75,4.47
Camargo,BO,2019-10-09,14:21,-20.64,-65.21,61.25,61.25,61.25,38,0,14.54
Katangli,RU,2019-10-10,05:21,51.71,143.23,38.39,38.39,38.39,77,33,7.98
Tongren,CN,2019-10-10,02:21,27.72,109.18,67.19,67.19,67.19,86,77,0.79
Magadan,RU,2019-10-10,05:21,59.56,150.8,37.67,37.67,37.67,81,100,28.89
Aksay,KZ,2019-10-09,23:21,51.17,53.01,41.63,41.63,41.63,78,34,12.99
Tahe,CN,2019-10-10,02:21,52.34,124.71,23.63,23.63,23.63,90,33,6.99
Santa Marta,CO,2019-10-09,13:21,11.24,-74.21,86.0,86.0,86.0,70,75,4.7
Bilma,NE,2019-10-09,19:21,18.69,12.92,91.85,91.85,91.85,24,94,2.13
Bourail,NC,2019-10-10,05:21,-21.57,165.5,65.03,65.03,65.03,92,14,4.97
San Jorge,NI,2019-10-09,12:21,11.46,-85.8,86.0,86.0,86.0,74,40,1.68
Agadir,MA,2019-10-09,19:21,30.42,-9.58,69.8,69.8,69.8,68,46,11.41
Guangyuan,CN,2019-10-10,02:21,32.43,105.86,54.05,54.05,54.05,90,100,6.27
Dindori,IN,2019-10-09,23:51,22.94,81.08,66.47,66.47,66.47,82,0,3.18
Okhotsk,RU,2019-10-10,04:21,59.36,143.24,38.21,38.21,38.21,94,100,15.24
Taketa,JP,2019-10-10,03:21,32.97,131.38,52.79,52.79,52.79,86,0,3.38
Huntsville,US,2019-10-09,13:21,34.73,-86.59,79.27,73.0,84.0,57,40,3.36
Hlatikulu,SZ,2019-10-09,20:21,-26.97,31.33,80.6,80.6,80.6,57,58,11.41
Thinadhoo,MV,2019-10-09,23:21,0.53,72.93,82.67,82.67,82.67,76,96,7.46
Makokou,GA,2019-10-09,19:21,0.56,12.85,69.35,69.35,69.35,95,98,2.09
Oktyabrskiy,RU,2019-10-09,21:21,55.61,37.97,40.19,39.0,41.0,86,90,4.47
Silopi,TR,2019-10-09,21:21,37.25,42.47,78.53,78.53,78.53,27,22,5.69
Honningsvag,NO,2019-10-09,20:21,70.98,25.97,40.06,39.2,41.0,86,75,17.22
Lipin Bor,RU,2019-10-09,21:21,60.26,37.97,36.59,36.59,36.59,98,100,6.36
Khonsa,IN,2019-10-09,23:51,26.99,95.51,63.77,63.77,63.77,95,70,3.52
Rabo de Peixe,PT,2019-10-09,18:21,37.8,-25.58,70.27,69.8,71.01,56,75,11.41
Bloemfontein,ZA,2019-10-09,20:21,-29.12,26.22,73.4,73.4,73.4,12,0,11.41
Varadero,CU,2019-10-09,14:21,23.15,-81.25,89.6,89.6,89.6,62,40,2.24
Vestmannaeyjar,IS,2019-10-09,18:21,63.44,-20.27,48.2,48.2,48.2,81,40,8.05
Boyolangu,ID,2019-10-10,01:21,-8.09,111.9,71.33,71.33,71.33,94,42,7.66
Tshikapa,CD,2019-10-09,20:21,-6.42,20.79,76.91,76.91,76.91,74,68,4.18
Bom Jesus da Lapa,BR,2019-10-09,15:21,-13.25,-43.41,98.6,98.6,98.6,19,54,6.93
Ilhabela,BR,2019-10-09,15:21,-23.78,-45.36,70.43,70.43,70.43,85,64,18.61
Poum,NC,2019-10-10,05:21,-20.23,164.02,72.41,72.41,72.41,74,34,3.21
Pembroke,CA,2019-10-09,14:21,45.82,-77.11,59.97,57.2,62.01,58,1,4.65
Lalmohan,BD,2019-10-10,00:21,22.34,90.74,76.91,76.91,76.91,81,48,4.28
Morrope,PE,2019-10-09,13:21,-6.54,-80.02,66.2,66.2,66.2,29,20,17.22
Pokrovsk,RU,2019-10-10,03:21,61.48,129.14,24.17,24.17,24.17,97,92,3.16
Ust-Kuyga,RU,2019-10-10,04:21,70.0,135.55,-0.5,-0.5,-0.5,94,0,5.74
Kieta,PG,2019-10-10,05:21,-6.22,155.63,79.97,79.97,79.97,81,100,6.02
Ranfurly,NZ,2019-10-10,07:21,-45.13,170.1,46.45,43.0,48.99,95,100,1.01
Dinard,FR,2019-10-09,20:21,48.63,-2.06,57.36,57.0,59.0,71,75,12.75
Nhulunbuy,AU,2019-10-10,03:51,-12.18,136.78,69.8,69.8,69.8,88,45,9.53
Kostomuksha,RU,2019-10-09,21:21,64.59,30.6,33.35,33.35,33.35,97,100,9.74
Biak,ID,2019-10-10,02:21,-0.91,122.88,79.43,79.43,79.43,77,11,10.77
Svetlaya,RU,2019-10-10,04:21,46.54,138.33,51.71,51.71,51.71,65,0,9.84
Amuntai,ID,2019-10-10,02:21,-2.42,115.25,73.49,73.49,73.49,77,92,2.0
Mansehra,PK,2019-10-09,23:21,34.33,73.2,57.65,57.65,57.65,56,0,4.08
Razole,IN,2019-10-09,23:51,16.48,81.84,76.91,76.91,76.91,90,95,2.13
Zhumadian,CN,2019-10-10,02:21,33.01,114.02,61.97,61.97,61.97,77,100,8.7
Gawler,AU,2019-10-10,04:51,-34.6,138.75,47.05,44.01,50.0,87,20,9.22
Linjiang,CN,2019-10-10,02:21,41.81,126.91,36.59,36.59,36.59,90,0,5.39
Dzilam Gonzalez,MX,2019-10-09,13:21,21.28,-88.93,91.99,91.99,91.99,61,100,11.01
Malayal,PH,2019-10-10,02:21,7.21,121.94,77.0,77.0,77.0,94,75,1.12
Izazi,TZ,2019-10-09,21:21,-7.24,35.72,69.8,69.8,69.8,60,75,5.82
Miandrivazo,MG,2019-10-09,21:21,-19.53,45.46,82.13,82.13,82.13,48,10,7.59
Mago,RU,2019-10-10,04:21,53.27,140.15,34.43,34.43,34.43,88,2,3.91
Port Macquarie,AU,2019-10-10,05:21,-31.43,152.91,48.99,48.0,50.0,87,21,5.82
San Pedro,BZ,2019-10-09,12:21,17.92,-87.97,84.2,84.2,84.2,83,40,3.36
Aseri,EE,2019-10-09,21:21,59.45,26.87,45.23,45.23,45.23,85,93,7.07
Wawa,CA,2019-10-09,14:21,47.99,-84.77,66.2,66.2,66.2,45,20,13.87
Urubicha,BO,2019-10-09,14:21,-15.63,-63.08,98.69,98.69,98.69,25,37,3.16
Aberdeen,US,2019-10-09,11:21,46.98,-123.82,47.43,42.01,52.0,64,1,5.82
Vryburg,ZA,2019-10-09,20:21,-26.96,24.73,72.59,72.59,72.59,14,0,14.18
Viedma,AR,2019-10-09,15:21,-40.81,-62.99,68.99,68.99,68.99,21,0,16.75
Kindu,CD,2019-10-09,20:21,-2.95,25.92,71.69,71.69,71.69,94,96,1.27
Bambanglipuro,ID,2019-10-10,01:21,-7.95,110.28,71.15,71.15,71.15,96,61,3.56
Pryozerne,UA,2019-10-09,21:21,49.42,24.47,50.92,50.0,51.8,93,100,6.71
Ho Chi Minh City,VN,2019-10-10,01:21,10.78,106.7,77.0,77.0,77.0,100,40,2.24
La Orilla,MX,2019-10-09,13:21,18.0,-102.23,84.11,84.11,84.11,78,100,5.31
Quang Ngai,VN,2019-10-10,01:21,15.12,108.8,77.27,77.27,77.27,84,0,8.39
Ocos,GT,2019-10-09,12:21,14.51,-92.19,87.8,87.8,87.8,62,40,9.17
Oussouye,SN,2019-10-09,18:21,12.49,-16.54,85.12,84.2,86.0,79,20,4.7
Beeville,US,2019-10-09,13:21,28.4,-97.75,90.68,86.0,95.0,44,75,11.41
Cervo,ES,2019-10-09,20:21,43.67,-7.41,59.13,55.99,62.01,40,61,2.38
Klyuchevskiy,RU,2019-10-10,03:21,53.53,119.45,19.67,19.67,19.67,91,92,4.0
Carai,BR,2019-10-09,15:21,-17.19,-41.69,81.77,81.77,81.77,46,54,6.29
Lincoln,US,2019-10-09,13:21,40.8,-96.67,64.71,60.8,66.99,68,1,17.22
Trincomalee,LK,2019-10-09,23:51,8.58,81.23,75.11,75.11,75.11,92,99,1.56
Triunfo,BR,2019-10-09,15:22,-7.84,-38.1,95.09,95.09,95.09,15,0,11.96
Bagdarin,RU,2019-10-10,02:22,54.44,113.59,14.81,14.81,14.81,47,10,8.69
Hay River,CA,2019-10-09,12:22,60.82,-115.79,32.0,32.0,32.0,67,20,5.82
Pyapon,MM,2019-10-10,00:52,16.29,95.68,75.47,75.47,75.47,90,7,4.79
Huangpi,CN,2019-10-10,02:22,30.88,114.37,71.6,71.6,71.6,73,23,4.47
Changji,CN,2019-10-10,02:22,32.07,116.17,68.63,68.63,68.63,65,31,3.35
Cravo Norte,CO,2019-10-09,13:22,6.3,-70.2,87.71,87.71,87.71,62,98,9.56
Mantena,BR,2019-10-09,15:22,-18.78,-40.98,81.23,81.23,81.23,57,54,9.42
Luganville,VU,2019-10-10,05:22,-15.51,167.18,70.79,70.79,70.79,94,96,1.95
Broken Hill,AU,2019-10-10,04:52,-31.97,141.45,46.4,46.4,46.4,42,0,6.93
Sioux Lookout,CA,2019-10-09,13:22,50.1,-91.92,59.67,59.0,60.8,59,90,10.29
Benghazi,LY,2019-10-09,20:22,32.12,20.07,82.85,82.85,82.85,51,93,9.32
Mabaruma,GY,2019-10-09,14:22,8.2,-59.78,81.59,81.59,81.59,91,100,5.71
Cedar City,US,2019-10-09,12:22,37.68,-113.06,68.04,66.99,69.8,12,1,18.34
Miraflores,CO,2019-10-09,13:22,5.2,-73.14,73.13,73.13,73.13,86,98,3.07
Meulaboh,ID,2019-10-10,01:22,4.14,96.13,78.89,78.89,78.89,82,100,10.48
Chara,RU,2019-10-10,03:22,56.9,118.26,18.95,18.95,18.95,56,100,6.75
Tumpat,MY,2019-10-10,02:22,6.2,102.17,77.79,77.0,78.01,94,75,3.36
Veydelevka,RU,2019-10-09,21:22,50.15,38.45,48.65,48.65,48.65,45,100,14.79
Myanaung,MM,2019-10-10,00:52,18.28,95.32,75.47,75.47,75.47,91,87,1.87
Moose Jaw,CA,2019-10-09,12:22,50.4,-105.54,30.58,30.0,32.0,80,75,14.99
Xai-Xai,MZ,2019-10-09,20:22,-25.04,33.64,83.93,83.93,83.93,54,0,13.73
Bakreswar,IN,2019-10-09,23:52,23.88,87.37,73.13,73.13,73.13,94,77,4.13
Maneromango,TZ,2019-10-09,21:22,-7.2,38.78,75.2,75.2,75.2,94,40,4.7
Tumut,AU,2019-10-10,05:22,-35.3,148.22,38.93,38.93,38.93,85,0,3.28
Kabwe,ZM,2019-10-09,20:22,-14.44,28.44,76.73,76.73,76.73,28,86,3.5
Eyl,SO,2019-10-09,21:22,7.98,49.82,79.43,79.43,79.43,90,100,11.18
Edson,CA,2019-10-09,12:22,53.59,-116.44,28.4,28.4,28.4,42,1,5.82
Pavlysh,UA,2019-10-09,21:22,48.92,33.36,54.41,54.41,54.41,80,97,14.25
Emilio Carranza,MX,2019-10-09,13:22,19.97,-96.61,82.85,82.85,82.85,69,89,16.16
Porong,ID,2019-10-10,01:22,-7.55,112.7,72.59,72.59,72.59,80,37,5.05
Niksic,ME,2019-10-09,20:22,42.77,18.95,63.84,60.8,66.2,87,40,6.22
Belousovka,KZ,2019-10-10,00:22,50.13,82.52,39.2,39.2,39.2,80,0,4.47
Balikpapan,ID,2019-10-10,02:22,-1.24,116.86,74.39,74.39,74.39,97,79,2.84
Tacuarembo,UY,2019-10-09,15:22,-31.73,-55.98,76.73,76.73,76.73,53,7,4.06
Neuquen,AR,2019-10-09,15:22,-38.95,-68.06,71.6,71.6,71.6,19,92,13.87
Siocon,PH,2019-10-10,02:22,11.03,124.04,77.81,77.81,77.81,86,100,4.6
Itambacuri,BR,2019-10-09,15:22,-18.04,-41.68,86.27,86.27,86.27,40,40,8.09
Puerto Escondido,MX,2019-10-09,13:22,15.86,-97.07,82.4,82.4,82.4,74,75,9.17
Tanout,NE,2019-10-09,19:22,14.97,8.88,90.95,90.95,90.95,33,83,8.56
Slonim,BY,2019-10-09,21:22,53.09,25.32,48.11,48.11,48.11,95,85,6.31
Nguruka,TZ,2019-10-09,21:22,-5.11,31.04,79.07,79.07,79.07,42,88,0.56
Noumea,NC,2019-10-10,05:22,-22.28,166.46,67.5,62.6,72.0,93,20,14.72
Tazovskiy,RU,2019-10-09,23:22,67.47,78.7,32.81,32.81,32.81,79,91,20.4
Udachnyy,RU,2019-10-10,03:22,66.42,112.4,19.4,19.4,19.4,79,90,11.18
Valbonne,FR,2019-10-09,20:22,43.64,7.01,66.34,61.0,69.8,60,55,13.87
Palu,ID,2019-10-10,02:22,-0.9,119.87,66.29,66.29,66.29,98,55,2.17
Manikpur,IN,2019-10-09,23:52,25.07,81.1,76.01,76.01,76.01,62,0,0.49
Ajdabiya,LY,2019-10-09,20:22,30.75,20.22,83.93,83.93,83.93,29,96,13.41
Senneterre,CA,2019-10-09,14:22,48.39,-77.24,60.8,60.8,60.8,48,5,8.05
Lahaina,US,2019-10-09,08:22,20.87,-156.68,77.7,73.4,80.6,61,20,4.7
Santa Quiteria do Maranhao,BR,2019-10-09,15:22,-3.52,-42.55,101.57,101.57,101.57,17,17,6.47
Keetmanshoop,NA,2019-10-09,20:22,-26.57,18.15,68.0,68.0,68.0,30,0,18.34
Yenagoa,NG,2019-10-09,19:22,4.92,6.26,76.01,76.01,76.01,92,100,2.8
Turukhansk,RU,2019-10-10,01:22,65.8,87.96,27.05,27.05,27.05,56,0,6.39
Guaruja,BR,2019-10-09,15:22,-23.99,-46.26,68.07,64.4,72.0,82,90,10.29
Kirovskiy,RU,2019-10-10,04:22,45.09,133.51,44.69,44.69,44.69,76,0,6.47
Velika Gorica,HR,2019-10-09,20:22,45.72,16.07,61.45,59.0,62.6,72,0,1.12
Fort Nelson,CA,2019-10-09,11:22,58.81,-122.69,26.6,26.6,26.6,68,20,8.05
Qandala,SO,2019-10-09,21:22,11.47,49.87,81.05,81.05,81.05,76,3,3.67
Youghal,IE,2019-10-09,19:22,51.95,-7.85,51.57,50.0,54.0,81,20,12.75
Plaridel,PH,2019-10-10,02:22,13.96,122.02,81.23,81.23,81.23,82,73,15.27
Creston,CA,2019-10-09,11:22,49.1,-116.52,37.24,32.0,42.01,43,75,2.36
Gambela,ET,2019-10-09,21:22,8.25,34.59,74.21,74.21,74.21,86,94,3.37
Tsalenjikha,GE,2019-10-09,22:22,42.6,42.07,59.0,59.0,59.0,100,42,4.7
Gornopravdinsk,RU,2019-10-09,23:22,60.06,69.92,52.61,52.61,52.61,89,100,9.57
Litovko,RU,2019-10-10,04:22,49.24,135.18,41.27,41.27,41.27,91,38,4.14
Sibolga,ID,2019-10-10,01:22,1.74,98.78,71.33,71.33,71.33,98,74,1.29
Nova Odesa,UA,2019-10-09,21:22,47.3,31.79,55.13,55.13,55.13,86,93,15.27
Nakamura,JP,2019-10-10,03:22,35.17,136.87,62.58,61.0,64.4,68,75,6.93
Eureka,US,2019-10-09,11:22,40.8,-124.16,54.36,53.01,55.4,47,1,8.05
Duartina,BR,2019-10-09,15:22,-22.41,-49.41,82.29,82.0,82.4,61,20,8.05
Olinda,BR,2019-10-09,15:22,-22.82,-43.41,71.94,71.6,73.4,94,90,4.7
Nyzhni Sirohozy,UA,2019-10-09,21:22,46.85,34.38,50.27,50.27,50.27,61,49,7.31
Norsup,VU,2019-10-10,05:22,-16.07,167.38,77.45,77.45,77.45,80,99,13.64
Hartland,US,2019-10-09,14:22,41.18,-82.49,67.15,63.0,71.01,32,1,9.17
Yangambi,CD,2019-10-09,20:22,0.77,24.47,73.13,73.13,73.13,82,27,0.17
Gamba,GA,2019-10-09,19:22,-2.72,10.02,76.55,76.55,76.55,87,100,4.93
Braganca,PT,2019-10-09,19:22,41.81,-6.76,55.99,55.99,55.99,32,0,4.0
Portoferraio,IT,2019-10-09,20:22,42.81,10.31,68.18,64.4,71.01,93,40,16.11
Linares,CL,2019-10-09,15:22,-35.85,-71.6,74.75,74.75,74.75,39,100,4.53
Yiyang,CN,2019-10-10,02:22,28.59,112.35,69.17,69.17,69.17,71,0,1.25
